:020000040800F2
:10000000A8820020A5010008D5820008957E00087E
:10001000D1820008F10A000885CB0008000000002A
:1000200000000000000000000000000051870008F0
:10003000510E000800000000E1860008CD8700088E
:10004000BF010008BF010008BF010008BF01000890
:10005000BF010008BF010008BF010008BF01000880
:10006000BF010008BF010008BF010008BF01000870
:10007000790C0008BF010008BF010008BF0100089B
:10008000BF010008BF010008BF010008BF01000850
:10009000F50A0008050B0008BF010008BF010008B1
:1000A000BF010008BF010008BF010008BF01000830
:1000B000BF010008BF010008BF010008BF01000820
:1000C000BF010008BF010008BF010008BF01000810
:1000D000BF01000821920008BF010008319200080A
:1000E000BF010008BF010008BF010008BF010008F0
:1000F000BF010008BF010008BF010008BF010008E0
:10010000BF010008BF010008BF010008BF010008CF
:10011000BF010008BF010008BD880008BF0100083A
:10012000BF010008890C0008990C0008BF010008F5
:10013000BF010008BF010008BF010008BF0100089F
:10014000150B0008250B0008BF01000845830008B7
:10015000BF010008A90C0008BF0100084192000877
:10016000BF010008BF010008BF010008BF0100086F
:10017000BF010008BF010008BF0100080000000027
:10018000BF010008BF010008DFF814D000F0FCFB3D
:1001900000F07EF800480047D174010800F026FC0A
:1001A000A88200200648804706480047FEE7FEE791
:1001B000FEE7FEE7FEE7FEE7FEE7FEE7FEE7FEE717
:1001C000A9880008890100082DE9F05F0546002094
:1001D00092469B4688460646814640241BE02846B8
:1001E00041464746224600F0F0FA53465A46C01AA6
:1001F000914110D311461846224600F0D7FA2D1A25
:1002000067EB01084F4622460120002100F0CEFA9C
:1002100017EB00094E41201EA4F10104DFDC484623
:1002200031462A464346BDE8F09F10B5431A934233
:1002300009D28318881803E010F8011D03F8011D86
:10024000521EF9D210BD40EA01039B0703D009E01A
:1002500008C9121F08C0042AFAD203E011F8013BB2
:1002600000F8013B521EF9D210BDD2B201E000F8F5
:10027000012B491EFBD270470022F6E710B513464A
:100280000A4604461946FFF7F0FF204610BD00005D
:100290007CB507480090074801900546009C04E0A3
:1002A0002046016808448047241DAC42F8D17CBD3B
:1002B000B0B20108C0B201080B460146184600F072
:1002C000B8BA2DE9FE4F804681EA0300C00F0C4604
:1002D000009021F0004123F00045B8EB0200A94155
:1002E00005D24046214690461C460B46024623F066
:1002F0000040104347D0270DC7F30A00C3F30A514B
:100300000290401A019040286BDAC3F3130040F4C6
:10031000801B0098924620B10023D2EB030A63EBC6
:100320000B0B01985946C0F14002504600F03EFACE
:1003300006460D4650465946019A00F056FA10EB13
:1003400008006141002487EA115284EAE7731A43E6
:1003500040D0009A62B3019A012A4FEA075215DC95
:10036000001B61EB02014FF0004202EA0752CDE9A7
:100370000042001C41F5801132462B4600F0B6FACF
:1003800003B0BDE8F08F40462146F9E7001B61EB62
:100390000201001C41F5801300185B412018A2F5F2
:1003A000001747EB030140EAD570B6196D4111E023
:1003B0006D084FEA360645EAC0754FEA0752001B42
:1003C00061EB0201001C41F5801149084FEA300041
:1003D0000019514132462B4603B0BDE8F04F00F002
:1003E00076BA0098012240000023D0EB020263EBB2
:1003F000E073009821464FEAE074B8EB000061EB2F
:100400000401E9E783F000435BE781F0004158E72E
:100410002DE9FE4F81EA030404F0004421F000417D
:1004200000944FF0000B23F0004350EA01045ED02B
:1004300052EA03045BD0C3F30A54C1F30A552C44B7
:10044000A4F2F3340194A0FB0254C1F3130141F46C
:100450008011C3F3130343F4801301FB024400FB38
:10046000034E840A970A44EA815447EA8357A4FB5F
:10047000076802958D0A05FB07854FEA932C04FB5C
:100480000C542705029D4FEA065847EA1637B5EB8C
:1004900008056EEB070C870E920E47EA811742EAB9
:1004A0008312A7FB0201B6EB0B0164EB00042B0DDA
:1004B00043EA0C335E1844EB1C50DA465146E7FB26
:1004C0000201C5F313044FEA0B3343EA14534FEA16
:1004D0000432019C43EA0603A4F10C040294009C3C
:1004E000CDE900B400F002FA03B0BDE8F08F0020BF
:1004F0000146F9E72DE9F04D81EA030404F0004BD1
:1005000021F0004514464FF0000A23F0004150EA64
:10051000050220D054EA01021DD0C5F30A57024655
:10052000C5F31303C1F31300C1F30A5640F4801559
:1005300043F48013A7EB0608101BD64608F2FD38DB
:1005400073EB050002D308F1010801E092185B414A
:10055000B8F1000F03DA00200146BDE8F08D00205D
:100560004FF48011064684460EE0171B73EB050717
:1005700005D3121B63EB050306434CEA010C490843
:100580004FEA300092185B4150EA0107EDD152EA80
:10059000030012D082EA040083EA0501084305D073
:1005A000101BAB4106D20122002306E000224FF0CF
:1005B000004302E06FF0010253101AEB06004CEB0F
:1005C000085110EB0A0041EB0B01BDE8F04D00F0C3
:1005D0007EB930B5041E71F1000404DB4FF0004415
:1005E000404264EB0101141E73F1000405DB1C465C
:1005F0004FF00043524263EB0403801A994101D348
:10060000012030BD002030BD30B5041E71F1000462
:1006100004DB4FF00044404264EB0101141E73F10F
:10062000000405DB1C464FF00043524263EB040319
:10063000101A8B4101D2012030BD002030BD30B5F1
:10064000041E71F1000404DB4FF00044404264EBEF
:100650000101141E73F1000405DB1C464FF000433A
:10066000524263EB0403101A8B4101D3012030BDC9
:10067000002030BD30B5041E71F1000404DB4FF0E2
:100680000044404264EB0101141E73F1000405DBD9
:100690001C464FF00043524263EB040342404B4080
:1006A0001A4301D0002030BD012030BD0EB5C10F6E
:1006B00080EAE0700844CA07002140F233438DE825
:1006C0000E000A460B4600F011F903B000BD0EB54E
:1006D00040F2334102910021CDE900110A460B4658
:1006E00000F004F903B000BD3EB5CA17CB0F0024DB
:1006F00050405140C0186141DA0740F23343009442
:10070000CDE901232246234600F0F0F803B030BDC6
:1007100070B5C1F30A5201F000450024C1F3130182
:1007200040F2FF3341F480119A4201DA002070BD9B
:1007300040F233439A42A2F2334203DC524200F0C9
:1007400044F800E090402C43F1D0404270BD00F0EE
:10075000004230F000400AD0C10D01F56071C0F3D5
:10076000160042EA0151C2084007114370470020B9
:100770000146704701F0004330B421F0004150EAD7
:10078000010206D00A0DA2F56072C1F31301002A1E
:1007900002DC30BC00207047440F44EAC104C100B1
:1007A000E01830BC00EBC25000F05AB8202A04DB3D
:1007B000203A00FA02F1002070479140C2F1200374
:1007C00020FA03F3194390407047202A04DB203AB3
:1007D00021FA02F00021704721FA02F3D040C2F161
:1007E00020029140084319467047202A06DBCB17A8
:1007F000203A41FA02F043EAE07306E041FA02F3DC
:10080000D040C2F12002914008431946704710B50C
:100810000446481E014201D1042901D2052010BD21
:10082000104619F0DFFC10B12060002010BD06203A
:1008300010BD2DE9F041074615460E46102019F06F
:10084000F1FD04000AD06760C4E9026500F0CAF84F
:100850000168216004600020BDE8F0810120FBE711
:100860000029A8BF7047401C490008BF20F00100C4
:10087000704710B4B0FA80FC00FA0CF050EA0104A2
:1008800004BF10BC704749B1CCF1200421FA04F434
:1008900011FA0CF118BF012121430843A3EB0C010D
:1008A000CB1D4FEA00614FEA102042BF002010BC70
:1008B000704700EBC35010440029A4BF10BC704720
:1008C000401C490008BF20F0010010BC704710B563
:1008D000141E73F1000408DA401C41F10001921863
:1008E0005B411A4301D120F0010010BD2DE9F04D0C
:1008F00092469B4611B1B1FA81F202E0B0FA80F261
:1009000020329046FFF752FF04460F4640EA0A00A5
:1009100041EA0B0153465A46084313D0114653EAA5
:10092000010019D0C8F140025046FFF74EFF0546BE
:100930000E46504659464246FFF738FF084305D059
:10094000012004E020463946BDE8F08D0020054333
:1009500046EAE0762C4337430A986305E40AA0EBA5
:1009600008000022FD0A44EA47540A3002D500205C
:100970000146E9E7010510196941DDE9084500195B
:100980006941BDE8F04DA2E71CB50948009009484F
:1009900001900546009C06E0E06840F0010394E801
:1009A000070098471034AC42F6D3FFF7F1FB000084
:1009B00090B20108B0B2010830B50B4601460020E4
:1009C0002022012409E021FA02F59D4205D303FA11
:1009D00002F5491B04FA02F52844151EA2F1010292
:1009E000F1DC30BD00487047100000202DE9F041D7
:1009F0000646FFF7F7FF8046454613E016B1E0686C
:100A0000B0420ED120682860D4E90101D8F8007006
:100A10008847204619F036FCD8F80000B842EBD1E0
:100A200000E025462C68002CE8D1BDE8F081C1F338
:100A30000A52C1F3130140F2FF3341F480119A428C
:100A400002DA00200146704740F233439A42A2F294
:100A5000334202DC5242FFF7B8BEFFF7A7BE0000E8
:100A600030B5041E71F1000404DB4FF00044404235
:100A700064EB0101141E73F1000405DB1C464FF00A
:100A80000043524263EB0403994208BF904230BDD9
:100A9000704770B58D1810F8014B14F0030201D1A6
:100AA00010F8012B231106D110F8013B03E010F8D8
:100AB000016B01F8016B521EF9D1ABB110F8012B9B
:100AC00004F00C048A1A0C2C03D0A2EB84129B1C99
:100AD00008E010F8014BA2EB0422F8E712F8014BF2
:100AE00001F8014B5B1EF9D5A942D4D3002070BD9B
:100AF000FFE7FEE780B542F68430C2F2000002F064
:100B00006FFE80BD80B542F68430C2F2000002F074
:100B100067FE80BD80B542F6AC30C2F2000002F044
:100B20005FFE80BD80B542F6AC30C2F2000002F03C
:100B300057FE80BD84B08DF80F000291ADF80620FD
:100B40009DF80F000146009123281DD80099DFE889
:100B500001F012131415161B1B1B1B1B1B1B1B1B4D
:100B60001B1B1B1B1B1B1B1B1B1B1B1B1B1B1B1BD5
:100B70001B1B1718191A08E007E006E005E004E05F
:100B800003E002E001E000E0FFE7002004B070476E
:100B90000020704780B582B042F6A800C2F2000083
:100BA000009041F2EC31C2F200010022019208F003
:100BB000E9FE009840F6EC31C2F2000108F0C4FEF4
:100BC000019802B080BD000080B584B0039002910E
:100BD0000398029909680BF0D7FF039942F6A80021
:100BE000C2F20000019008F0AFFE019808F052FE3A
:100BF000002004B080BD000080B584B00390029155
:100C00008DF8072000208DF806000BF0C9FF9DF934
:100C1000060004B080BD000080B586B00490ADF839
:100C20000E1000208DF80D0042F6A800C2F2000060
:100C3000D0F8BC0202900298D0F8140220B1FFE76D
:100C400001208DF8170013E00499BDF80E2042F63C
:100C5000A800C2F20000019008F094FE019808F08C
:100C60009BFF8DF80D009DF80D008DF81700FFE734
:100C70009DF8170006B080BD80B542F63440C2F240
:100C8000000003F003FC80BD80B542F69440C2F240
:100C9000000003F0FBFB80BD80B542F6D430C2F209
:100CA000000003F0F3FB80BD80B542F6F440C2F2D1
:100CB000000003F0EBFB80BD82B00190019800784A
:100CC00010384AF6AB21CAF6AA21A0FB0110000990
:100CD000009000994AF6BC60C0F60100405C0199A2
:100CE000C8650098042807D3FFE701990868042223
:100CF00062F30900886506E00199086840F2FF3256
:100D000090438865FFE70198806D02B0704700004E
:100D100086B0059000208DF813000598806A039036
:100D20000598806910BBFFE70398029003281BD841
:100D30000299DFE801F0020D0218059890F82F00E3
:100D4000C00720B1FFE701208DF81300FFE70CE09A
:100D50000598C06AB0F1C07F04D1FFE701208DF88B
:100D60001300FFE701E000E0FFE745E00598806938
:100D7000B0F5005F25D1FFE70398019003281ED846
:100D80000199DFE801F00206021101208DF813003D
:100D900016E0059890F82F00C00720B1FFE701206A
:100DA0008DF81300FFE70BE00598C06AB0F1C07F33
:100DB00004D1FFE701208DF81300FFE700E0FFE713
:100DC00019E003980090032804D3FFE70098032854
:100DD00004D00EE001208DF813000BE0059890F888
:100DE0002F00C00720B1FFE701208DF81300FFE7B7
:100DF00000E0FFE7FFE7FFE79DF8130006B070474C
:100E000084B00390029101920093039801680868EE
:100E100020F48020086000980399096848600398CE
:100E20008068402809D1FFE7019803990968886024
:100E3000029803990968C86008E002980399096854
:100E40008860019803990968C860FFE704B070479B
:100E50007047000072B6FFE7FEE7000080B584B07F
:100E600047F61020C1F6FF700068039047F6142083
:100E7000C1F6FF700068029047F61820C1F6FF70B7
:100E8000006801900199039808440390039888B181
:100E9000FFE7039840F21441C2F2000100910231D1
:100EA000082206F0F9FF009902981231042206F098
:100EB000F3FFFFE704B080BD80B5ACB012F0CEFD0B
:100EC00012F0F0FE2B9012F0C9FD12F0F5FE2A9000
:100ED00041F6F030C2F200000078BFF35F8FC00728
:100EE00018BBFFE741F6F030C2F2000017F0CDFC6E
:100EF000D8B1FFE72B9942F28010C2F200001490A3
:100F0000002210F07BFC149941F6D500C0F60100D8
:100F100040F20002C0F60002FFF7CEF941F6F030D1
:100F2000C2F2000017F0C7FCFFE741F6F430C2F24E
:100F300000000078BFF35F8FC00718BBFFE741F6E2
:100F4000F430C2F2000017F0A0FCD8B1FFE72B99F3
:100F500042F24020C2F200001390002210F0C4FCC4
:100F6000139941F6BD10C0F6010040F20002C0F630
:100F70000002FFF7A1F941F6F430C2F2000017F0C9
:100F80009AFCFFE741F6F830C2F200000078BFF3A8
:100F90005F8FC00718BBFFE741F6F830C2F20000D0
:100FA00017F073FCD8B1FFE72B9942F2C020C2F2D0
:100FB00000001290012211F07BFA129942F2455082
:100FC000C0F6010040F20002C0F60002FFF774F91B
:100FD00041F6F830C2F2000017F06DFCFFE741F671
:100FE000FC30C2F200000078BFF35F8FC00770BB17
:100FF000FFE741F6FC30C2F2000017F046FC30B3C8
:10100000FFE72B9901208DF8A60002208DF8A7009C
:1010100068464FF40072026042F27030C2F2000083
:1010200011900DF1A60311F03DFD119942F63D30EE
:10103000C0F6010040F20002C0F60002FFF73CF9E2
:1010400041F6FC30C2F2000017F035FCFFE742F237
:101050006811C2F2000142F28010C2F20000099051
:10106000086042F26411C2F2000142F24020C2F272
:1010700000000A90086042F27811C2F2000142F2C8
:10108000C020C2F200000B90086042F27C11C2F254
:10109000000142F27030C2F200000F9008602B98FD
:1010A000019025A8029015F08BFE01980299026824
:1010B000D2699047029815F0B3FE2B98039020A8B0
:1010C000049015F089FE039804990268D26990474C
:1010D000049815F0A5FE2B9805901BA8069015F016
:1010E00087FE059806990268D2699047069815F020
:1010F00097FE2B98079016A8089015F085FE079884
:1011000008990268D2699047089815F089FE41F65F
:101110002040C2F200000FF0DDFA41F6C040C2F2FA
:1011200000000FF0DFF811F077FF11F0E1FE42F25E
:10113000A800C2F200000DF001F80CF011FB0CF059
:101140003FFA4FF4FA7003F04BFC099801210C911F
:101150000FF0FAFF0A20109003F042FC09980221D8
:101160000D910FF0F1FF109803F03AFC0A980C99DA
:101170000FF05EFC109803F033FC0B980C9910F004
:10118000EBFC109803F02CFC0B980C9900220E92AB
:1011900010F096FC109803F023FC0C990E9A0F980F
:1011A00011F0DAF90D990E9A0F9811F0D5F90F9800
:1011B00011F05CFA109803F013FC2CB080BD000015
:1011C00080B5ADF57A7D42F2A800C2F200005D90D4
:1011D0000DF0FEF840F23420C2F200005B9000F106
:1011E000200141F62040C2F200005C900BF0EAFDC5
:1011F0005B995C98343054310BF0E4FD5B995C985A
:10120000683088310BF0DEFD5C9842F26811C2F262
:101210000001096842F26412C2F2000212680FF083
:101220009BFA5D9814F0DAF80146002918BF0121F5
:1012300041F6C040C2F2000080F8B21390F8B20349
:10124000A0B3FFE742F2A800C2F20000589014F0E9
:10125000CDF858989FEDD51A8DED591A20EE410A18
:1012600041F6C041C2F200015A9181EDEA0A14F040
:10127000A1F858989DED591A5A9920EE410A81ED2E
:10128000EB0A14F0A1F89DED591A5A9820EE010AC4
:1012900080EDED0AD0F8A82340F23401C2F200013B
:1012A0004A64D0F8B403C1F8B00015E041F620401C
:1012B000C2F20000569014F0F9F8569840F234014A
:1012C000C2F20001579181ED110A343014F0C6F8D2
:1012D000579880ED2C0AFFE740F28070C2F20000C0
:1012E000007800285ED1FFE703F078FDF990F998C7
:1012F00042F24441C2F200010968401AC82850D3A2
:10130000FFE7F99842F24441C2F20001086042F25C
:101310006810C2F20000006838B3FFE742F26810BC
:10132000C2F200000068012111F0AAFC48B9FFE7F1
:1013300042F26810C2F20000006801210FF004FFC1
:10134000FFE742F26810C2F200000068022111F0CB
:1013500097FC48B9FFE742F26810C2F2000000684B
:1013600002210FF0F1FEFFE7FFE742F26410C2F244
:1013700000000068A0B1FFE742F26410C2F2000072
:101380000068012111F0E4FB48B9FFE742F2641064
:10139000C2F20000006801210FF04AFBFFE7FFE7FF
:1013A000FFE7FFE711F038FEF890F89814F016FB0D
:1013B000F790F89814F018FBF690F89811F06EFE7C
:1013C0008DF8D703F798022806D1FFE7F699012098
:1013D0000229559004D0FFE79DF8D7035590FFE709
:1013E000559800F001008DF8D603F79840F280710F
:1013F000C2F200018870F698C8709DF8D70300F01B
:1014000001004870002048719DF8D603C0070028ED
:1014100056D0FFE740F28070C2F20000007800284A
:101420004DD1FFE740F28072C2F20002012010703D
:1014300040F23401C2F2000191F83800D07191F805
:10144000A400107291F8100150720020907181F880
:10145000380081F8A40081F8100142F26810C2F24D
:101460000000006878B1FFE742F26810C2F20000A5
:101470005490006801210FF091FE549800680221F9
:101480000FF08CFEFFE742F26410C2F20000006829
:1014900048B1FFE742F26410C2F200000068012187
:1014A0000FF0F0FAFFE740F24431C2F200010320EE
:1014B000887640F28071C2F200014871FFE794E142
:1014C00040F28070C2F200000078002847D0FFE7A9
:1014D00040F28071C2F200010020087042F26810F0
:1014E000C2F20000006878B1FFE742F26810C2F271
:1014F00000005390006801210FF026FE5398006809
:1015000002210FF021FEFFE742F26410C2F2000058
:10151000006848B1FFE742F26410C2F200000068C0
:1015200001210FF085FAFFE740F28071C2F200015D
:10153000C87940F23402C2F2000282F83800087A18
:1015400082F8A400487A82F810010020887140F2E5
:101550004432C2F2000204209076487144E1F898C7
:1015600014F03CFA014600200329529013D1FFE702
:10157000F89814F039FA01460020032952900AD154
:10158000FFE740F2D020C2F200000078002818BF28
:1015900001205290FFE7529800F001008DF8D3032C
:1015A0009DF8D303C00768B902E000BF35FA8E3C4E
:1015B00040F28070C2F20000811D0DF2D53015F0AE
:1015C00001FDFFE79DF8D303C007002879D0FFE7AE
:1015D000F89814F0ABF9ADF8D10340F2A470C2F260
:1015E000000000788DF8D00342F24140C2F20000C2
:1015F000007800BBFFE79DF8D203C0F3801042F2F1
:101600003C41C2F20001087040F28071C2F2000158
:10161000002088729DF8D00302280BD0FFE740F22B
:101620008070C2F2000000F10A01F5A8012215F055
:1016300039FDFFE7FFE79DF8D203C0F380108DF876
:10164000CF0340F28070C2F20000807A58B1FFE709
:1016500040F28070C2F2000000F10A010DF2D530B4
:1016600015F0B0FCFFE79DF8CF03D0B1FFE742F2E1
:101670003C40C2F20000007898B9FFE79DF8D00323
:10168000022818BF01208DF8CE039DF8CE2340F22A
:101690008070C2F2000000F10A01F5A815F002FD09
:1016A000FFE79DF8CF0342F23C41C2F2000108700F
:1016B000F89814F093F940F28071C2F200010871B9
:1016C00088E040F28071C2F200010020887242F28C
:1016D0003C42C2F200021070F7988DF8CD039DF8DD
:1016E000CD030979884274D0FFE79DF8CD03012826
:1016F0000AD0FFE79DF8CD03032805D0FFE79DF84A
:10170000CD0302285CD1FFE79DF8CD03022818BF66
:1017100001208DF8CC0313F013FC14F091FAF29031
:10172000F2980138B0FA80F040098DF8C7039DF8AF
:10173000C703C007B8B9FFE741F6C040C2F20000D6
:1017400090F8080178B1FFE740F23400C2F20000DF
:10175000007F40B1FFE740F20020C2F20000007DB0
:1017600001281AD1FFE741F6C040C2F200005190B3
:1017700090EDEA0A0EF008FA519840F23401C2F2F4
:10178000000101220A77D0F8A803086040F2002186
:10179000C2F2000100200875FFE79DF8CC0340F27B
:1017A0008071C2F2000101F8060F50910DF2D530A0
:1017B00015F008FC50999DF8CD0301F8020C07E0E4
:1017C0009DF8CD0340F28071C2F200010871FFE77D
:1017D000FFE7FFE79DF8D30300F0010042F241412B
:1017E000C2F200010870FFE7FFE740F2A470C2F206
:1017F00000006946086042F28000C2F2000041F633
:101800002041C2F2000140F23402C2F2000240F272
:101810004433C2F2000311F03FFD0BF0A1FF0BF0C7
:101820004BFE11F0F9FBF090F09814F0D7F8EF9020
:10183000F09814F0D9F8EE90EF99012003294F9019
:1018400007D0FFE7EF980138B0FA80F040094F90D9
:10185000FFE74F9800F001008DF8B703EF990020E3
:1018600001294E9010D1FFE7EE99012001294D90FA
:1018700007D0FFE7EE980238B0FA80F040094D90AB
:10188000FFE74D984E90FFE74E9800F001008DF86D
:10189000B6039DF8B6130020C9074C9099B1FFE735
:1018A00040F23040C2F20000817E00204C9051B1E5
:1018B000FFE740F23040C2F20000007C002818BF71
:1018C00001204C90FFE74C9800F001008DF8B50323
:1018D00040F2A470C2F20000007812F091F88DF886
:1018E000B4039DF8B5130020C9074B9079B1FFE709
:1018F00040F28070C2F20000017800204B9031B9B4
:10190000FFE79DF8B40380F001004B90FFE74B9890
:1019100000F001008DF8B30300208DF8B2039DF8AC
:10192000B303C007002800F0A680FFE742F23E4064
:10193000C2F200000078002840F09D80FFE742F2EC
:101940003E41C2F20001012008708DF8B20341F659
:101950002040C2F20000343013F0B0FDA0B1FFE728
:1019600041F6C040C2F2000090F8B20360B1FFE758
:1019700041F6C040C2F20000D0F8B40340F2340196
:10198000C2F20001C86617E041F62040C2F2000032
:10199000343013F093FD70B1FFE741F62040C2F2FE
:1019A0000000343013F05AFD40F23400C2F200005F
:1019B00080ED1B0AFFE7FFE741F62040C2F200007E
:1019C00013F07CFD002840D0FFE740F20020C2F277
:1019D0000000007D012815D1FFE741F6C040C2F2AA
:1019E000000090EDEA0A0EF0CFF840F23401C2F2A6
:1019F00000010120087740F20021C2F2000100201E
:101A00000875FFE741F6C040C2F2000090F8B2034B
:101A100048B1FFE741F6C040C2F2000090EDEA0A8B
:101A20008DED4A0A08E041F62040C2F2000013F0B2
:101A30003DFD8DED4A0AFFE79DED4A0A40F2340074
:101A4000C2F2000080ED000AFFE741F6C040C2F29A
:101A50000000499012F0DAFA4998783012F0D6FA7C
:101A6000499800F59C7012F0D1FA499800F5D870A9
:101A700012F0CCFA95E09DF8B303C007002840F0BF
:101A80008F80FFE742F23E40C2F20000007800285B
:101A900000F08680FFE742F23E41C2F200010020E2
:101AA00008708DF8B2039DF8B403C007002861D117
:101AB000FFE740F28070C2F200000078002859D1A0
:101AC000FFE741F62040C2F2000013F0F7FC18B324
:101AD000FFE741F6C040C2F2000090F8B20348B1FF
:101AE000FFE741F6C040C2F2000090EDEA0A8DED3A
:101AF000480A08E041F62040C2F2000013F0D6FC8C
:101B00008DED480AFFE79DED480A40F23400C2F22D
:101B1000000080ED000AFFE741F62040C2F200001D
:101B2000343013F0CBFC20B3FFE741F6C040C2F2E3
:101B3000000090F8B20348B1FFE741F6C040C2F29E
:101B4000000090EDED0A8DED470A09E041F62040D6
:101B5000C2F20000343013F081FC8DED470AFFE73C
:101B60009DED470A40F23400C2F2000080ED1B0AEE
:101B7000FFE7FFE741F6C040C2F20000469012F0D6
:101B800045FA4698783012F041FA469800F59C7074
:101B900012F03CFA469800F5D87012F037FAFFE7D9
:101BA000FFE713F0CDF914F04BF8EB9040F2A4707E
:101BB000C2F2000000788DF8AB03EB9900200429F5
:101BC000459008D1FFE79DF8AB030438B0FA80F0E8
:101BD00040094590FFE7459800F001008DF8AA0301
:101BE0009DF8AA0300F001008DF8A9039DF8A90350
:101BF00042F24841C2F20001097888425AD0FFE718
:101C00009DF8A90318B3FFE741F62040C2F2000097
:101C100013F04CFC8DEDE90A41F6C040C2F2000021
:101C20000021449180F8B0139DEDE90A0DF0ACFF5E
:101C3000449840F23402C2F2000201211177E9997E
:101C4000116040F20021C2F20001087531E041F656
:101C5000C040C2F20000012180F8B01390F8B20336
:101C600048B1FFE741F6C040C2F2000090EDEA0A39
:101C70008DED430A08E041F62040C2F2000013F067
:101C800015FC8DED430AFFE79DED430A8DEDE80A53
:101C90009DEDE80A41F6C040C2F200000DF074FF6D
:101CA00040F23401C2F2000101200877E898086090
:101CB000FFE7FFE79DF8A90342F24841C2F20001A5
:101CC000087040F28070C2F20000007848B9FFE767
:101CD00040F2A470C2F20000007811F091FE08B149
:101CE000FFE7B2E29DF8B703C007002800F08C8040
:101CF000FFE742F23E40C2F200000078002800F008
:101D00008380FFE79DF8B20300287CD1FFE741F60E
:101D10002040C2F20000343013F0D0FB002872D013
:101D2000FFE740F23040C2F2000090ED000A9FED64
:101D3000D61A20EE010A8DEDE70A41F6C040C2F244
:101D4000000090F8B20358B3FFE747F20720C3F64C
:101D50001370E69046F2F360CBF6DF60E5909DED00
:101D6000E70A9FEDCA1AB4EE410AF1EE10FA06DD59
:101D7000FFE747F20720C3F61370E790FFE79DEDFA
:101D8000E70A9FEDC31AB4EE410AF1EE10FA06DA43
:101D9000FFE746F2F360CBF6DF60E790FFE72BE06A
:101DA00041F62040C2F20000343013F091FBE49081
:101DB000E498007CF8B9FFE79DEDE70AE49890ED20
:101DC000021AB4EE410AF1EE10FA04DDFFE7E498DE
:101DD0008068E790FFE79DEDE70AE49890ED011A2F
:101DE000B4EE410AF1EE10FA04DAFFE7E498406835
:101DF000E790FFE7FFE7FFE7E79840F23401C2F220
:101E00000001C866FFE71FE29DF8B703C00700287E
:101E100000F01982FFE711F0FFF8E390E39813F068
:101E2000DDFD014600200329429013D1FFE7E3982E
:101E300013F0DAFD01460020032942900AD1FFE7A2
:101E400040F2D020C2F200000078002818BF012024
:101E50004290FFE7429800F001008DF88B039DF857
:101E60008B0300F001000BF0C5F98DF88A039DF893
:101E70008B03C007D0B1FFE742F24240C2F200003C
:101E8000007898B9FFE740F23401C2F20001486CD3
:101E90000860D1F8B000C86640F2D021C2F200015B
:101EA0000020C862086348638863FFE79DF88B03DE
:101EB00000F0010042F24241C2F2000108709DF8B8
:101EC0008A03C00750B1FFE740F2D021C2F20001FF
:101ED00000200863C86288634863B3E19DF88B0300
:101EE000C007002800F0F080FFE7E39813F054FDEE
:101EF0008DEDDC0B8DEDDE1B9DEDDE0B51EC100B43
:101F0000FEF738FCE19040F2D020C2F200004068B9
:101F1000DB909DEDE10A9DEDDB1AB1EE411AB4EEC6
:101F2000410AF1EE10FA0DDDFFE79DEDE10A9DEDAE
:101F3000DB1AB4EE410AF1EE10FA03DAFFE70020F3
:101F4000E190FFE79DEDE10A40F2D020C2F20000EF
:101F5000419090ED121A20EE010A8DEDDA0A9DED06
:101F6000DA0A90ED141AF1EE410A0AF05DFE41988A
:101F70008DEDD90A41F26F21C3F68321D8919DEDF1
:101F8000D90AD0ED0F0A90ED101A3830DFED411A62
:101F90000BF0DAF841998DEDD70AD798086341F62E
:101FA0002040C2F20000343013F088FA002800F01C
:101FB0008A80FFE740F23400C2F2000090ED1B1A65
:101FC0009DEDD70A9FED332A20EE020A30EE010A7A
:101FD0008DEDD60A41F6C040C2F2000090F8B2037F
:101FE00058B3FFE747F20720C3F61370D5904FF6BA
:101FF0003520CBF68E60D4909DEDD60A9FED231A46
:10200000B4EE410AF1EE10FA06DDFFE747F20720D1
:10201000C3F61370D690FFE79DEDD60A9FED1E1A0A
:10202000B4EE410AF1EE10FA06DAFFE74FF635207A
:10203000CBF68E60D690FFE73EE041F62040C2F23C
:102040000000343013F044FAD390D398007C90BB56
:10205000FFE79DEDD60AD39890ED021AB4EE410A3F
:10206000F1EE10FA04DDFFE7D3988068D690FFE721
:102070009DEDD60AD39890ED011AB4EE410AF1EE27
:1020800010FA17DA12E000BF35FA8E3C0772133FE0
:10209000F366DFBE6F12833A35FA8EBECDCC4CBDEF
:1020A000CDCC4C3D3333334035FA8EBCD3984068A9
:1020B000D690FFE7FFE7FFE7D69840F23401C2F27F
:1020C0000001C866FFE7BCE040F2D021C2F2000187
:1020D00000200863E39813F095FC51EC100BFEF719
:1020E00049FBD2904CF6CD40C3F64C50D1909DEDBB
:1020F000D20A1FED161AB4EE410AF1EE10FA0DDD08
:10210000FFE79DEDD20A1FED1A1AB4EE410AF1EE77
:1021100010FA03DAFFE70020D290FFE743F23330F2
:10212000C4F23300D0909DEDD20A1FED221A20EEAA
:10213000010A8DEDCF0A41F26F20C3F68320CE90C5
:1021400041F62040C2F20000343013F0B7F9002805
:1021500076D0FFE740F23400C2F2000090ED1B1A87
:102160009DEDCF0A1FED352A20EE020A30EE010A5E
:102170008DEDCD0A41F6C040C2F2000090F8B203E6
:1021800058B3FFE747F20720C3F61370CC904FF621
:102190003520CBF68E60CB909DEDCD0A1FED451A14
:1021A000B4EE410AF1EE10FA06DDFFE747F2072030
:1021B000C3F61370CD90FFE79DEDCD0A1FED4A1ACF
:1021C000B4EE410AF1EE10FA06DAFFE74FF63520D9
:1021D000CBF68E60CD90FFE72BE041F62040C2F2B7
:1021E0000000343013F074F9CA90CA98007CF8B932
:1021F000FFE79DEDCD0ACA9890ED021AB4EE410AB0
:10220000F1EE10FA04DDFFE7CA988068CD90FFE791
:102210009DEDCD0ACA9890ED011AB4EE410AF1EE97
:1022200010FA04DAFFE7CA984068CD90FFE7FFE7AD
:10223000FFE7CD9840F23401C2F20001C866FFE723
:10224000FFE7FFE7FFE7FFE7FFE740F28070C2F23A
:102250000000007848B9FFE740F2A470C2F2000025
:10226000007811F0CDFB08B1FFE7AAE29DF8B703B3
:10227000C00758B3FFE742F23E40C2F200000078C8
:1022800020B3FFE79DF8B203F8B9FFE741F620401D
:10229000C2F2000013F012F9B8B1FFE740F230408B
:1022A000C2F2000090ED010A90ED0B1A30EE410AE7
:1022B0001FED831A20EE010A8DEDC90AC99840F27C
:1022C0003401C2F200010860FFE779E29DF8B7032C
:1022D000C007002800F07382FFE710F09DFEC89051
:1022E000C89813F07BFB014600200329409013D1CE
:1022F000FFE7C89813F078FB0146002003294090BF
:102300000AD1FFE740F2D020C2F200000078002896
:1023100018BF01204090FFE7409800F001008DF8C1
:102320001F039DF81F0300F001000AF063FF8DF802
:102330001E0312F005FE13F083FCC690C699002020
:1023400001293F9006D1FFE79DF81F0380F00100AF
:102350003F90FFE73F9800F001008DF81703002041
:10236000C49041F6C040C2F2000090F8B203D0B170
:10237000FFE742F2A800C2F2000013F01BF81FEDC5
:10238000B61A20EE010A8DEDC40AC49841F6C04188
:10239000C2F20001C1F8AC03C49840F20021C2F2BD
:1023A00000014860FFE79DF8170300F001008DF879
:1023B0000F039DF80F1300203E9051B3FFE742F248
:1023C0004040C2F20000017801203D90F1B1FFE7EA
:1023D00040F20020C2F20000017D012001293D9061
:1023E00014D1FFE741F6C040C2F2000090F8081196
:1023F00001203D9051B9FFE740F23400C2F20000E5
:10240000007F002818BF01203D90FFE73D983E90D7
:10241000FFE73E9800F001008DF80E039DF80F13C2
:1024200000203C9051BBFFE742F24040C2F2000066
:10243000017801203B90F1B9FFE740F20020C2F2A1
:102440000000017D01203B90A9B9FFE741F6C040A3
:10245000C2F2000090F80811012001293B900AD136
:10246000FFE740F23400C2F20000007F013818BFDD
:1024700001203B90FFE73B983C90FFE73C9800F041
:1024800001008DF80D039DF80E03C007A8B1FFE70A
:102490009DEDC40A41F6C040C2F200000DF08EFB73
:1024A00040F20021C2F200010120087540F234011F
:1024B000C2F20001002008771FE09DF80D03C0075D
:1024C000D0B1FFE741F6C040C2F200003A9090ED73
:1024D000EA0A0DF059FB3A9840F20022C2F20002DB
:1024E0000021117540F23401C2F2000101220A7785
:1024F000D0F8A8030860FFE7FFE79DF80F0342F25A
:102500004041C2F200010870C89813F073FA51EC10
:10251000100BFEF72FF9C2904CF6CD40C3F64C508D
:10252000C1909DEDC20A9FEDDD1AB4EE410AF1EEB5
:1025300010FA0DDDFFE79DEDC20A9FEDD91AB4EE4A
:10254000410AF1EE10FA03DAFFE70020C290FFE73C
:1025500043F23330C4F23300C0909DEDC20A9FEDC8
:10256000D11A20EE010A8DEDBF0A41F62040C2F2D9
:10257000000012F0A3FF002800F02081FFE79DF883
:102580001E03C00740B1FFE740F2D021C2F20001B4
:102590000020C862486310E19DF81F03C0070028AF
:1025A0006DD0FFE7C89813F0F7F98DEDBA0B8DEDFC
:1025B000BC1B9DEDBA0B51EC100BFEF7DBF8BE9087
:1025C00040F2D020C2F200004068B9909DEDBE0AF2
:1025D0009DEDB91AB1EE411AB4EE410AF1EE10FACE
:1025E0000DDDFFE79DEDBE0A9DEDB91AB4EE410A7F
:1025F000F1EE10FA03DAFFE70020BE90FFE741F2A8
:102600006F20C3F68320B8909DEDBE0A40F2D02023
:10261000C2F20000389090ED111A20EE010A8DED03
:10262000B70A9DEDB70A90ED131AF1EE410A0AF0D0
:10263000FBFA38988DEDB60A9DEDB60AD0ED0F0A7B
:1026400090ED101A3430DFED981ACDED391A0AF0FA
:102650007BFD38999DED392A8DEDB50AB598C86294
:102660009DEDB50A40F23400C2F2000090ED001A70
:1026700020EE020A30EE010A80ED000A9CE09DF88F
:102680001703C007002879D0FFE740F2D021C2F23B
:1026900000010020C8624863BF9840F20021C2F2E6
:1026A000000108608868CA682E9209693091FEF7B7
:1026B0004EF802462E982F920A462F9942EC101B94
:1026C0008DED320BFEF743F80246309831920A4600
:1026D000319942EC101B8DED340BFEF738F89DED6F
:1026E000320B9DED341B41EC120BAEA811F020FE15
:1026F0009DEDBF0ADDEDC40AAE98AF99B09AB19BCB
:10270000DDF8C8C2DDF8CCE2CDF8ACE2CDF8A8C265
:10271000A993A892A791A6909DEDA61B9DEDA82B2D
:102720009DEDAA3B41F6C040C2F200000DF0A8F9B1
:102730008DEDAD0A42F26810C2F2000000683790D9
:102740009DEDAD0A8DED360A41F62040C2F2000043
:1027500012F0BEFE9DED360A0146379891ED031A40
:1027600020EE012A0121DFED511AB0EE610AF0EEF0
:10277000610AB0EE611A0EF0BFFE1CE040F2D021FB
:10278000C2F200010020C862486341F26F20C3F624
:102790008320A5909DEDBF0A40F23400C2F20000F4
:1027A00090ED001A9FED402A20EE020A30EE010A59
:1027B00080ED000AFFE7FFE7FFE7FFE7FFE7FFE73E
:1027C000FFE712F0BDFB12F0FDFA40F2A470C2F276
:1027D0000000007811F014F98DF8930242F23E40A7
:1027E000C2F20000007830B1FFE740F26040C2F270
:1027F00000002D9005E040F23400C2F200002D9060
:10280000FFE72D9989A86C22FDF70FFD40F23400F7
:10281000C2F200000168899190F838008DF85C02DE
:1028200042F23E40C2F20000007838B1FFE740F2C9
:102830006040C2F200006C302C9006E040F23400A0
:10284000C2F200006C302C90FFE72C996EA86C222D
:10285000FDF7EBFC40F23400C2F20000C16E6E9155
:1028600090F8A4008DF8F00142F23E40C2F2000060
:102870000078002818BF012041F6C041C2F20001D3
:1028800081F8B10340F20020C2F20000007D88B15F
:10289000FFE79DF89302C007A0B10BE0CDCC4CBD83
:1028A000CDCC4C3D333333406F12833A00000000EF
:1028B00035FA8E3C41F6C041C2F2000189A80AF007
:1028C0007BFBFFE741F6C040C2F200002B9000F511
:1028D0009C716EA80AF070FB2B9940F23400C2F292
:1028E0000000D83001F51C710AF066FB42F2A80026
:1028F000C2F2000012F072FD01462B98002918BFA9
:10290000012180F8B21390F8B20348B3FFE742F216
:10291000A800C2F20000289012F068FD28981FED70
:102920001C1A8DED291A20EE410A41F6C041C2F26F
:1029300000012A9181EDEA0A12F03CFD28989DEDF4
:10294000291A2A9920EE410A81EDEB0A12F03CFD8A
:102950009DED291A2A9820EE010A80EDED0AFFE785
:1029600042F26810C2F20000026842F26410C2F241
:102970000000036841F6C040C2F20000249041F616
:102980002041C2F2000122910DF01EFD229840F27A
:102990003421C2F2000121910AF0CCF92199229848
:1029A0003430239034310AF0C5F9219922986830E7
:1029B000269068310AF0BEF9229A249842F23E41EC
:1029C000C2F2000127910978B1FA81F14B0940F276
:1029D0003401C2F2000125910AF0A0FA239A24984A
:1029E0002599279B1B78B3FA83F35B0900F59C704C
:1029F0006C310AF093FA24982599269A00F51C70F8
:102A0000D83101230AF08AFA27980078F0B1FFE75D
:102A100041F6C040C2F200001D9040F26041C2F297
:102A200000011E9141F62042C2F200021F920123D2
:102A300020930AF073FA1D981E991F9A209B00F5A7
:102A40009C706C3134320AF069FAFFE740F23401CD
:102A5000C2F2000101F16C0241F6C040C2F2000076
:102A60000AF056F942F23E40C2F20000007868B126
:102A7000FFE740F26041C2F2000101F16C0241F651
:102A8000C040C2F200000AF043F9FFE710F0C4FAB8
:102A90006D906D9812F0AEFF51EC100BFDF76AFED1
:102AA00040F2C851C2F200011A9108606D9812F00C
:102AB000A9FF51EC100BFDF75DFE1A9948606D9867
:102AC00012F0A8FF51EC100BFDF754FE1A99886024
:102AD0006D9812F0A7FF51EC100BFDF74BFE1A9901
:102AE000C8606D9812F07AFF1A9908746D9812F008
:102AF0007BFF1A9948746D9812F04EFF8DED680BAC
:102B00008DED6A1B9DED680B51EC100BFDF732FE4D
:102B10001A9948616D9812F03FFF8DED640B8DEDB1
:102B2000661B9DED660B51EC100BFDF723FE1A9909
:102B300088616D9812F07EFF1A998DF88F019DF8CB
:102B40008F0100F0010008776D9812F073FF1A9959
:102B50008DF88E019DF88E01C0F3400048776D9886
:102B600012F0E4FE1A99ADF88C019DF88C0100F08A
:102B7000010088779DF88C01C0F34000C8779DF86C
:102B80008C01C0F3800081F820009DF88C01C0F317
:102B9000C00081F821009DF88C01C0F3001081F87D
:102BA00022009DF88C01C0F3401081F823009DF8AD
:102BB0008C01C0F3801081F824009DF88C01C009BD
:102BC00081F825009DF88D0100F0010081F82600B4
:102BD0009DF88D01C0F3400081F827009DF88D011C
:102BE000C0F3800081F828009DF88D01C0F3C0007B
:102BF00081F829009DF88D01C0F3001081F82A00AA
:102C00009DF88D01C0F3401081F82B009DF88D01D7
:102C1000C0F3801081F82C009DF88D01C00981F867
:102C20002D006D9812F012FF51EC100BFDF7A2FD74
:102C30001A9908636D9810F031FA1A9980F0010022
:102C400081F834006D9812F09FFE40F20061C2F2EC
:102C500000011B9108606D9812F0B0FE1B9948604E
:102C60006D9812F0B3FE1B9988606D9812F06AFEA1
:102C70001B9988816D9812F06DFE1B9908616D9803
:102C800012F0ACFE0146002003291C9009D1FFE799
:102C90006D9812F0A9FE0338B0FA80F040091C903C
:102CA000FFE71C9800F0010140F20060C2F2000052
:102CB0000175017D00201990A1B1FFE740F2C850D5
:102CC000C2F2000090F834100020199051B1FFE7D3
:102CD00040F2D020C2F200000078002818BF012086
:102CE0001990FFE7199800F0010040F2D021C2F2DC
:102CF000000181F8200042F2A800C2F20000179003
:102D000012F012FB179840F21C71C2F200011891E8
:102D100081ED000A12F058FB1798189981ED010A0D
:102D200012F02AFB1798189981ED020A12F02EFB77
:102D30001798189981ED030A12F032FB1798189929
:102D400081ED040A12F036FB1798189981ED050AF7
:102D500012F0F4FA1798189981ED060A12F0F8FAB1
:102D60001798189981ED070A12F0FCFA179818992C
:102D700081ED080A12F042FB1798189981ED090AB3
:102D800012F046FB1798189981ED0A0A12F04AFBD7
:102D90001798189981ED0B0A12F04EFB17981899A5
:102DA00081ED0C0A12F022FB1798189981ED0D0A9B
:102DB00012F0AAFA189A01461798916312F0ACFA29
:102DC000189A0146179882F83C1012F007FB1899E0
:102DD00081F83D0042F27810C2F20000006800283D
:102DE00058D0FFE742F27810C2F200001590006858
:102DF0000121149112F046FC1598149940F260726A
:102E0000C2F20002169282ED000A006812F0A0FCE5
:102E100015981499169A82ED010A006812F0BAFC0E
:102E200015981499169A82ED020A006812F06EFC49
:102E300015981499169A82ED030A006812F064FB43
:102E40001499169B024615986292629AD2881A8249
:102E5000629A92885A82629A52889A82629A127808
:102E60009A75006812F042FB1499169B0246159859
:102E70006192619A52881A83619A12799A76619A5C
:102E8000527902F00102DA7600680FF061FE1699BD
:102E90000877FFE742F27C10C2F2000000680028C9
:102EA00060D0FFE742F27C10C2F200000068609040
:102EB00060980121119112F08FFC119940F2E460A9
:102EC000C2F20000139080ED000A609812F0B2FB8D
:102ED0001199139880ED010A609812F0E3FC1199A2
:102EE000139880ED020A609812F0FEFC1199139875
:102EF00080ED030A609812F0B3FC1199139880EDED
:102F0000040A60980FF0BCFE1399087560980221BE
:102F1000129112F061FC1299139880ED060A6098E4
:102F200012F088FB1299139880ED070A609812F04E
:102F3000B9FC1299139880ED080A609812F0D4FC3D
:102F40001299139880ED090A609812F089FC129981
:102F5000139880ED0A0A60980FF092FE139981F899
:102F60002C00FFE70AF0FCFB0AF0A6FA8DF87F01BF
:102F700040F23040C2F2000090F82800002818BF4C
:102F800001208DF87E019DF87F01C00728B9FFE779
:102F90009DF87E01C007B8B1FFE742F23F40C2F2A0
:102FA0000000017801310170007802280BDBFFE797
:102FB00042F23F41C2F20001002008700AF0D0FB4B
:102FC0000AF022FBFFE7FFE742F23D40C2F20000B9
:102FD0000178013101700078022879DBFFE742F2C5
:102FE0003D41C2F200010020087041F6C040C2F22B
:102FF000000090F8080130B1FFE741F6C040C2F28E
:103000000000109006E041F6C040C2F200007830A7
:103010001090FFE710985E9041F6C040C2F20000A9
:1030200090ED4E0B90ED521B8DED021B90ED6C1B45
:103030008DED041B90ED701B8DED061B51EC100BFC
:10304000FDF798FB9DED020B01EE100A8DED0B1ABA
:1030500051EC100BFDF78EFB9DED040B01EE100AF9
:103060008DED0C1A51EC100BFDF784FB9DED060B5A
:1030700001EE100A8DED0D1A51EC100BFDF77AFBE5
:1030800000EE100A8DED0E0A5E9890ED000B90EDAB
:10309000041B8DED081B51EC100BFDF76BFB9DED38
:1030A000080B01EE100A8DED0F1A51EC100BFDF715
:1030B00061FB9DED0B0ADDED0C0A9DED0D1ADDEDBA
:1030C0000E1A9DED0F2A02EE900A09F06FFDFFE740
:1030D00041F60040C2F200000078BFF35F8FC007E6
:1030E000B0B9FFE741F60040C2F2000015F0CDFB99
:1030F00070B1FFE711F050FD42F23841C2F2000119
:10310000086041F60040C2F2000015F0D4FBFFE772
:1031100042F23840C2F200000190006811F0DEF97E
:103120000198006811F05EFD0DF57A7D80BD00000C
:1031300084B002900191029890F820008DF803006D
:103140009DF80300012805D0FFE79DF80300022841
:103150000AD1FFE7019A0298016848691043486163
:1031600000208DF80F0008E00299486A40F48020A2
:10317000486201208DF80F00FFE79DF80F0004B0B2
:103180007047000088B0069005910492039306985A
:1031900090F820008DF8070006980068806800907D
:1031A0000598806808B9FFE700E0FFE79DF8070091
:1031B000012806D0FFE79DF80700022840F0808034
:1031C000FFE79DF80300400700280CD4FFE79DF8B7
:1031D00003000007002806D4FFE79DF80300C0069F
:1031E000002864D5FFE70098C0F3016002900299BF
:1031F00001208840039908600598806868B9FFE756
:1032000005980168C06840EA415006990968029A29
:1032100001EB0211C1F880010EE005994A68886847
:10322000C96840EAC200084306990968029A01EB9E
:103230000211C1F88001FFE7059800690699096845
:10324000029A01EB0211C1F884010598007D012862
:103250000CD1FFE706980068029900EB0111D1F844
:10326000840140F48070C1F88401FFE7049840684D
:1032700006990968029A01EB0211C1F88C010498C1
:10328000006806990968029A01EB0211C1F88801E9
:1032900006980068029900EB0111D1F8800140F016
:1032A0000100C1F8800100208DF81F0011E006998F
:1032B000486A40F40010486201208DF81F0008E0C1
:1032C0000699486A40F48020486201208DF81F006A
:1032D000FFE79DF81F0008B07047000086B004901B
:1032E0000391049890F820008DF803009DF80300E6
:1032F000012806D0FFE79DF80300022840F0B080C7
:10330000FFE746F20040C4F2000001900199D1F8B5
:10331000000240F00100C1F800020199D1F800025A
:1033200020F47C50C1F800020398426A0199D1F858
:10333000000240EA0220C1F800020398406900F050
:103340001F01012088400290029A0199D1F81C02C5
:103350009043C1F81C020398C069F0B9FFE7029AD4
:103360000199D1F80C029043C1F80C02039A90889D
:10337000D168526940EA0140019901EBC201C1F8EC
:103380004002039A10889168526940EA014001990D
:1033900001EBC201C1F84402FFE70398C0690128AC
:1033A0001ED1FFE7029A0199D1F80C021043C1F82F
:1033B0000C02039A90881168526940EA0140019911
:1033C00001EBC201C1F84002039A908991685269E9
:1033D00040EA0140019901EBC201C1F84402FFE754
:1033E0000398806940B9FFE7029A0199D1F8040275
:1033F0009043C1F8040207E0029A0199D1F804024F
:103400001043C1F80402FFE70398006940B9FFE7E1
:10341000029A0199D1F814029043C1F8140207E00E
:10342000029A0199D1F814021043C1F81402FFE77F
:103430000398006A012808D1FFE7029A0199D1F8A0
:103440001C021043C1F81C02FFE70199D1F80002E9
:1034500020F00100C1F8000200208DF8170008E0FC
:103460000499486A40F48020486201208DF81700D2
:10347000FFE79DF8170006B07047000080B582B0E6
:1034800001900198006846F20041C4F200018842B0
:1034900001D0FFE730E0019800F030F8009042F6EC
:1034A0005401C2F20001086801300860009842F639
:1034B0005801C2F2000108609DF801008007002851
:1034C00008D5FFE742F66401C2F200010868013046
:1034D0000860FFE79DF800004007002808D5FFE7D7
:1034E00042F65001C2F20001086801300860FFE7AF
:1034F000019900204862FFE702B080BD81B00090D2
:103500000098406A01B0704784B003900291002097
:103510000190039890F820008DF803009DF80300B7
:10352000012805D0FFE79DF80300022812D1FFE72C
:10353000029838B9FFE703980068C06800F00300FC
:10354000019006E003980068006900F00300019014
:10355000FFE7FFE7019804B07047000086B00490D1
:10356000039102920193049890F820008DF80300D3
:103570009DF80300012806D0FFE79DF8030002280C
:1035800040F0E880FFE7039880B9FFE704980068FF
:10359000C068800748B9FFE70499486A40F4001002
:1035A000486201208DF81700DDE00FE00498006804
:1035B0000069800748B9FFE70499486A40F40010A1
:1035C000486201208DF81700CDE0FFE704980068FD
:1035D000039900EB0110D0F8B00100F0040002994B
:1035E00088600298806858B9FFE7049800680399DA
:1035F00000EB0110D0F8B001400D029908600AE01C
:1036000004980068039900EB0110D0F8B001C008DD
:1036100002994860FFE704980068039900EB0110E5
:10362000D0F8B00100F002000299C8600498006868
:10363000039900EB0110D0F8B40100F00F00082846
:1036400004D3FFE70299082008610BE004980068A2
:10365000039900EB0110D0F8B40100F00F000299BB
:103660000861FFE704980068039900EB0110D0F8A7
:10367000B40180B2000A0299886104980068039935
:1036800000EB0110D0F8B401000C029948610498D5
:103690000068039900EB0110D0F8B8010199087097
:1036A00004980068039900EB0110D0F8B801000AF3
:1036B0000199487004980068039900EB0110D0F854
:1036C000B801000C0199887004980068039900EB18
:1036D0000110D0F8B801000E0199C8700498006874
:1036E000039900EB0110D0F8BC010199087104980E
:1036F0000068039900EB0110D0F8BC01000A0199A1
:10370000487104980068039900EB0110D0F8BC01DF
:10371000000C0199887104980068039900EB01106E
:10372000D0F8BC01000E0199C871039838B9FFE7C1
:1037300004980168C86840F02000C86006E004985A
:103740000168086940F020000861FFE700208DF85B
:10375000170008E00499486A40F48020486201207C
:103760008DF81700FFE79DF8170006B070470000BE
:1037700083B0029000200190029890F820008DF80C
:1037800003009DF80300012805D0FFE79DF8030022
:10379000022822D1FFE702980068806840010028D3
:1037A00004D5FFE7019801300190FFE70298006817
:1037B00080680001002804D5FFE7019801300190DE
:1037C000FFE7029800688068C000002804D5FFE782
:1037D000019801300190FFE7FFE7019803B07047BF
:1037E00080B58AB009900020089009980068406967
:1037F00007900998006840680690099800688068FA
:10380000059009980068C0680490099800680069EC
:10381000039009980068806902909DF81C00C00719
:10382000002800F09480FFE79DF81400C00758B30B
:10383000FFE709980168012088609DF8140080075F
:10384000002804D5FFE7099800F06AFD1BE09DF809
:1038500014004007002805D5FFE7089840F40060F1
:1038600008900FE09DF814000007002805D5FFE739
:10387000089840F48050089003E0099800F04CFD4F
:10388000FFE7FFE7FFE7FFE79DF81500C00760B31C
:10389000FFE7099801684FF4807088609DF8150073
:1038A0008007002804D5FFE7099800F041FD1BE0E0
:1038B0009DF815004007002805D5FFE7089840F45B
:1038C000005008900FE09DF815000007002805D56E
:1038D000FFE7089840F48040089003E0099800F062
:1038E00023FDFFE7FFE7FFE7FFE79DF81600C007AE
:1038F00060B3FFE7099801684FF4803088609DF855
:1039000016008007002804D5FFE7099800F018FD8D
:103910001BE09DF816004007002805D5FFE7089832
:1039200040F4004008900FE09DF8160000070028C2
:1039300005D5FFE7089840F48030089003E0099827
:1039400000F0FAFCFFE7FFE7FFE7FFE7FFE79DF87E
:103950001C000007002810D5FFE79DF81000C006E6
:10396000002809D5FFE7089840F4007008900998EE
:1039700001681020C860FFE7FFE79DF81C004007C2
:1039800000280FD5FFE79DF810000007002808D594
:10399000FFE7099801680820C860099800F0E0FA7C
:1039A000FFE7FFE79DF81C00800700280BD5FFE725
:1039B00009980068C068800720B1FFE7099800F007
:1039C000E5FAFFE7FFE79DF81C004006002810D548
:1039D000FFE79DF80C00C006002809D5FFE708980E
:1039E00040F4806008900998016810200861FFE7A2
:1039F000FFE79DF81C00800600280FD5FFE79DF823
:103A00000C000007002808D5FFE709980168082086
:103A10000861099800F088FBFFE7FFE79DF81C00AC
:103A2000C00600280BD5FFE70998006800698007E9
:103A300020B1FFE7099800F07BFBFFE7FFE79DF867
:103A40001E00800700280FD5FFE79DF81800C0066C
:103A5000002808D5FFE709980168102048600998F8
:103A600000F010FCFFE7FFE79DF81E00C00778B1EB
:103A7000FFE79DF818000007002808D5FFE7099820
:103A8000016808204860099800F05EFCFFE7FFE746
:103A90009DF81D000006002840F18D80FFE79DF88D
:103AA00018004007002840F18180FFE79DF81D00C5
:103AB000C00750B1FFE79DF80800C00728B1FFE735
:103AC000089840F001000890FFE79DF81D0080076E
:103AD00000280BD5FFE79DF808008007002805D5D2
:103AE000FFE7089840F002000890FFE79DF81D00EE
:103AF000400700280BD5FFE79DF808004007002885
:103B000005D5FFE7089840F004000890FFE79DF80E
:103B10001D000007002848D5FFE79DF8080010F0B9
:103B2000700F42D0FFE7029800F07000014601914B
:103B3000102814D0FFE70198202815D0FFE701983E
:103B4000302816D0FFE70198402817D0FFE70198EA
:103B5000502818D0FFE70198602819D01DE0089878
:103B600040F00800089019E0089840F01000089014
:103B700014E0089840F0200008900FE0089840F00A
:103B8000400008900AE0089840F08000089005E0A6
:103B9000089840F48070089000E0FFE709980168F9
:103BA000886920F070008861FFE7FFE709980168E5
:103BB00004204860FFE7089848B1FFE7089A099990
:103BC000486A104348620998FFF758FCFFE70AB0BB
:103BD00080BD000080B584B00290029820B9FFE754
:103BE00001208DF80F00E0E0029890F8200020B945
:103BF000FFE7029800F0DEF8FFE702980168086826
:103C000040F00100086001F0E9F80190FFE7029838
:103C100000684068C007A8B9FFE701F0DFF8019924
:103C2000401A0B280DD3FFE70299486A40F4003090
:103C300048620299052081F8200001208DF80F00CC
:103C4000B3E0E4E702980168086820F00200086029
:103C500001F0C4F80190FFE702980068406880070F
:103C6000002815D5FFE701F0B9F80199401A0B2893
:103C70000DD3FFE70299486A40F400304862029988
:103C8000052081F8200001208DF80F008DE0E3E78A
:103C90000298007E012807D1FFE7029801680868B2
:103CA00040F08000086006E002980168086820F093
:103CB00080000860FFE70298407E012807D1FFE7F7
:103CC00002980168086840F04000086006E0029829
:103CD0000168086820F040000860FFE70298807ED5
:103CE000012807D1FFE702980168086840F020002A
:103CF000086006E002980168086820F0200008606B
:103D0000FFE70298C07E012807D1FFE7029801680B
:103D1000086820F01000086006E002980168086852
:103D200040F010000860FFE70298007F012807D1EB
:103D3000FFE702980168086840F00800086006E0A4
:103D400002980168086820F008000860FFE7029800
:103D5000407F012807D1FFE702980168086840F01A
:103D60000400086006E002980168086820F004007A
:103D70000860FFE7029B19685A689868D3F80CC07E
:103D800040EA0C00D3F810C040EA0C005B6918430D
:103D9000013A1043C861029900204862029A012149
:103DA00082F820108DF80F00FFE79DF80F0004B097
:103DB00080BD000080B594B0139000201290119047
:103DC00010900F900E901398006846F20041C4F2D4
:103DD0000001884253D1FFE740F21870C2F20000A0
:103DE0000168013101600068012812D1FFE7FFE797
:103DF00000200D9043F64000C4F20200016841F03B
:103E000000710160006800F000700D900D98FFE7F0
:103E1000FFE7FFE700200C9043F63000C4F20200F9
:103E2000016841F008010160006800F008000C9092
:103E30000C98FFE703200E9002210F9100210791BB
:103E4000109111900920129040F60040C4F2020037
:103E50000EA900F0E7FD079A1420059005210691B0
:103E600001F09AF8059801F08DF80699079A152047
:103E7000089001F091F8089801F084F86EE013982A
:103E8000006846F60001C4F20001884265D1FFE7F0
:103E9000FFE700200B9043F64000C4F202000168E7
:103EA00041F080610160006800F080600B900B9829
:103EB000FFE740F21870C2F20000016801310160B2
:103EC0000068012812D1FFE7FFE700200A9043F6BF
:103ED0004000C4F20200016841F000710160006816
:103EE00000F000700A900A98FFE7FFE7FFE7002064
:103EF000099043F63000C4F20200016841F002016B
:103F00000160006800F0020009900998FFE7602056
:103F10000E9002200F90002003901090032011902B
:103F20000920129040F20040C4F202000EA900F0F5
:103F300079FD039A402001900521029101F02CF8AF
:103F4000019801F01FF80299039A4120049001F0B2
:103F500023F8049801F016F8FFE7FFE714B080BDDE
:103F600081B000900098006846F20041C4F2000160
:103F7000884208D1FFE742F66001C2F200010868FA
:103F800001300860FFE701B07047000080B588B0DD
:103F900007900798006846F20041C4F20001884289
:103FA00040F0B480FFE70020069005900490039055
:103FB00002900190FFE70798002101AA08F05CFE3B
:103FC000002800F0A280FFE742F69001C2F2000153
:103FD000086801300860039842F68C01C2F20001C3
:103FE00008609DF81800C007E8B9FFE79DF81900C0
:103FF000C007C0B9FFE79DF81000082813D1FFE7FC
:1040000003980F280FD8FFE79DF804100320B0EBAA
:10401000111F08D1FFE742F65C01C2F200010868F7
:1040200001300860FFE70398009010B3FFE70098A5
:10403000012826D0FFE7009802282AD0FFE7009841
:1040400003282ED0FFE70098042832D0FFE700981D
:1040500040F24111884234D0FFE7009840F201213C
:10406000884236D0FFE7009840F20221884238D0DB
:104070003FE042F66801C2F20001086801300860C2
:104080003FE042F66C01C2F20001086801300860AE
:1040900037E042F67001C2F20001086801300860A2
:1040A0002FE042F67401C2F2000108680130086096
:1040B00027E042F67801C2F200010868013008608A
:1040C0001FE042F67C01C2F200010868013008607E
:1040D00017E042F68001C2F2000108680130086072
:1040E0000FE042F68401C2F2000108680130086066
:1040F00007E042F68801C2F200010868013008605A
:10410000FFE701A808F09AFE55E70AE00798006863
:1041100046F60001C4F20001884201D1FFE7FFE743
:10412000FFE708B080BD000081B0009001B070478B
:1041300080B588B007900798006846F60001C4F281
:104140000001884240F09C80FFE741F60840C2F23F
:1041500000000078BFF35F8FC007C0B9FFE741F6EA
:104160000840C2F2000014F090FB80B1FFE70FF0AE
:1041700075FC0FF0A1FD42F25041C2F2000108604F
:1041800041F60840C2F2000014F095FBFFE741F64B
:104190000440C2F200000078BFF35F8FC007B0B9DF
:1041A000FFE741F60440C2F2000014F06EFB70B16C
:1041B000FFE710F0F1FC42F24C41C2F2000108604E
:1041C00041F60440C2F2000014F075FBFFE7FFE780
:1041D00042F25040C2F20000006801684A6901A939
:1041E000904700284BD0FFE742F6A001C2F2000141
:1041F000086801300860039840F20121884206D027
:10420000FFE7039840F20221884217D1FFE70398A5
:1042100040F20121884208D1FFE742F69401C2F240
:10422000000108680130086007E042F69801C2F218
:104230000001086801300860FFE71FE0039840F2C2
:104240000721884205D0FFE70398B0F5027F0CD123
:10425000FFE742F24C40C2F20000006803999DF86B
:10426000103001AA10F07CF807E042F69C01C2F27F
:104270000001086801300860FFE7FFE7A8E7FFE7F3
:1042800008B080BD81B0009001B0704780B584B0A7
:104290000290029890F8200001282FD1FFE70299A0
:1042A000022081F8200002980168086820F00100CF
:1042B000086000F093FD0190FFE7029800684068F5
:1042C000C007A8B1FFE700F089FD0199401A0B284B
:1042D0000DD3FFE70299486A40F400304862029922
:1042E000052081F8200001208DF80F000FE0E4E7A1
:1042F0000299002048628DF80F0008E00299486A90
:1043000040F40020486201208DF80F00FFE79DF87F
:104310000F0004B080BD000081B0009001B0704774
:1043200081B0009001B0704781B0009001B070473B
:1043300081B0009001B0704781B0009001B070472B
:1043400081B0009001B0704781B0009001B070471B
:1043500080B584B002900298806D019000F03EFD1F
:104360000090029890F8350002280DD0FFE70299DE
:1043700080204865FFE70299002081F83400FFE7BC
:1043800001208DF80F0055E002980168086820F0C0
:104390001600086002980168486920F080004861B2
:1043A0000298006C20B9FFE70298806C38B1FFE7F3
:1043B00002980168086820F008000860FFE702988A
:1043C0000168086820F001000860FFE702980068B3
:1043D0000068C007C8B1FFE700F000FD0099401A6F
:1043E000062811D3FFE7029920204865029903208F
:1043F00081F83500FFE70299002081F83400FFE7DB
:1044000003208DF80F0015E0E0E70298C16D3F2012
:104410008840019988600299012081F83500FFE702
:104420000299002081F83400FFE7FFE700208DF8B3
:104430000F00FFE79DF80F0004B080BD82B0009030
:10444000009890F83500022807D0FFE700998020F7
:10445000486501208DF807000EE00099052081F8DD
:10446000350000980168086820F001000860FFE747
:1044700000208DF80700FFE79DF8070002B07047A5
:1044800081B000900098406D01B0704780B586B053
:1044900005900020039040F24030C2F20000006816
:1044A00048F2B511C1F64E31A0FB0110800A02900E
:1044B0000598806D01900198006804900498059912
:1044C000C96DC840000700281AD5FFE705980068A5
:1044D00000684007002812D5FFE7059801680868C2
:1044E00020F0040008600598C16D082088400199FB
:1044F00088600599486D40F001004865FFE7FFE7D7
:1045000004980599C96DC840C007A0B1FFE7059898
:1045100000684069000600280CD5FFE70598C16DCA
:1045200001208840019988600599486D40F002009B
:104530004865FFE7FFE704980599C96DC840400743
:10454000002814D5FFE70598006800688007002858
:104550000CD5FFE70598C16D04208840019988605B
:104560000599486D40F004004865FFE7FFE70498AF
:104570000599C96DC840C006002847D5FFE70598D2
:1045800000680068000700283FD5FFE70598C16D67
:1045900010208840019988600598006800684003F1
:1045A00000281AD5FFE70598006800680003002876
:1045B00009D4FFE70598006C20B1FFE70598016C6E
:1045C0008847FFE708E00598806C20B1FFE7059871
:1045D000816C8847FFE7FFE716E0059800680068F0
:1045E000C005002807D4FFE705980168086820F097
:1045F00008000860FFE70598006C20B1FFE7059808
:10460000016C8847FFE7FFE7FFE7FFE7049805999C
:10461000C96DC8408006002840F18D80FFE70598ED
:1046200000680068C006002840F18480FFE7059814
:10463000C16D2020884001998860059890F8350068
:10464000052834D1FFE705980168086820F01600B6
:10465000086005980168486920F080004861059865
:10466000006C20B9FFE70598806C38B1FFE705982A
:104670000168086820F008000860FFE70598C16D30
:104680003F208840019988600599012081F8350014
:10469000FFE70599002081F83400FFE70598006DD9
:1046A00020B1FFE70598016D8847FFE77BE005989B
:1046B00000680068400300281AD5FFE705980068E5
:1046C00000680003002809D4FFE70598406C20B17A
:1046D000FFE70598416C8847FFE708E00598C06B45
:1046E00020B1FFE70598C16B8847FFE7FFE720E0AF
:1046F000059800680068C005002811D4FFE70598F8
:104700000168086820F0100008600599012081F810
:104710003500FFE70599002081F83400FFE7FFE747
:104720000598C06B20B1FFE70598C16B8847FFE78C
:10473000FFE7FFE7FFE70598406DA0B3FFE70598A7
:10474000406DC00730B3FFE70599052081F83500BB
:1047500005980168086820F001000860FFE70398E9
:10476000013003900299884201D9FFE707E0FFE793
:10477000059800680068C0070028F0D1FFE7059998
:10478000012081F83500FFE70599002081F8340009
:10479000FFE7FFE70598C06C20B1FFE70598C16C03
:1047A0008847FFE7FFE706B080BD000080B586B010
:1047B00004900020039000F011FB0290049820B9AF
:1047C000FFE701208DF81700A3E00498406A08B1C4
:1047D000FFE7FFE70499022081F83500FFE704991D
:1047E000002081F83400FFE704980168086820F091
:1047F00001000860FFE7049800680068C00790B1F6
:10480000FFE700F0EBFA0299401A06280AD3FFE707
:104810000499202048650499032081F835008DF81B
:10482000170076E0E7E704980068006803900398B3
:1048300048F23F01CFF21001084003900499009123
:104840004868D1F808C0CB680A6940EA0C001843F0
:1048500010434A6910438A691043CA691043096AC0
:1048600001430398084303900498406A042808D140
:10487000FFE70499C86A096B014303980843039052
:10488000FFE7039804990968086004980068406984
:104890000390039820F0070003900498416A03985E
:1048A000084303900498406A04281AD1FFE704984B
:1048B000816A0398084303900498C06A80B1FFE7B7
:1048C0000498FCF725FA50B1FFE7049940204865A9
:1048D0000499012081F835008DF8170019E0FFE7F1
:1048E000FFE703980499096848610498FCF7E4F924
:1048F00001900498C16D3F20884001998860049917
:1049000000204865049A012182F835108DF81700BF
:10491000FFE79DF8170006B080BD000080B588B0A5
:10492000069005910492039300208DF80B000698E1
:10493000806D0190FFE7069890F83400012804D1BB
:10494000FFE702208DF81F0045E00699012081F85D
:104950003400FFE7FFE7069890F8350001282BD1D7
:10496000FFE70699022081F8350006990020486586
:1049700006980599049A039BFCF742FA0698C16DC4
:104980003F2088400199886006980168086840F0D7
:10499000160008600698006C38B1FFE706980168B9
:1049A000086840F008000860FFE70698016808689A
:1049B00040F00100086009E0FFE70699002081F857
:1049C0003400FFE702208DF80B00FFE79DF80B0095
:1049D0008DF81F00FFE79DF81F0008B080BD0000A4
:1049E00080B584B0039000F0F9F90290039801902B
:1049F0000198013048B1FFE740F2A450C2F2000034
:104A00000178019808440190FFE7FFE700F0E6F91C
:104A10000299401A0199884201D2FFE7F6E704B0F3
:104A200080BD00008EB00D900C9100200A9009907E
:104A300008900B90FFE70B980F2800F2CC81FFE75E
:104A40000B99012088400A900C9800680A99084048
:104A5000099009980A99884240F0B881FFE70C98BC
:104A6000406800F00300012807D0FFE70C98406879
:104A700000F0030002282FD1FFE70D98806808900E
:104A80000B984100032000FA01F108988843089030
:104A90000C98C0680B99490000FA01F10898084386
:104AA000089008980D9988600D98406808900B99B7
:104AB000012000FA01F10898884308900C9840689A
:104AC000C0F300100B9900FA01F108980843089010
:104AD00008980D994860FFE70C98406800F00300C3
:104AE000032818D0FFE70D98C06808900B98410084
:104AF000032000FA01F10898884308900C98806818
:104B00000B99490000FA01F10898084308900898A9
:104B10000D99C860FFE70C98406800F00300022878
:104B200026D1FFE70D980B996FF0030202EA5101BD
:104B30000844006A08900B9800F0070081000F20DD
:104B400000FA01F10898884308900C9800690B99C5
:104B500001F00701890000FA01F108980843089064
:104B600008980D990B9B02EA530211440862FFE773
:104B70000D98006808900B984100032000FA01F19D
:104B80000898884308900C98406800F003000B993F
:104B9000490000FA01F108980843089008980D9917
:104BA00008600C9880798007002800F00E81FFE7EC
:104BB000FFE70020079043F64400C4F202000168BA
:104BC00041F480410160006800F48040079007983C
:104BD000FFE70B9820F0030043F60801C4F201013F
:104BE000405808900B9800F0030081000F2000FA55
:104BF00001F10898884308900D980021C4F2020141
:104C0000884203D1FFE7002006905EE00D9840F255
:104C10000041C4F20201884203D1FFE70120059060
:104C200050E00D9840F60001C4F20201884203D121
:104C3000FFE70220049042E00D9840F60041C4F2E4
:104C40000201884203D1FFE70320039034E00D986E
:104C500041F20001C4F20201884203D1FFE70420BF
:104C6000029026E00D9841F20041C4F20201884210
:104C700003D1FFE70520019018E00D9841F60001EF
:104C8000C4F20201884203D1FFE7062000900AE047
:104C90000D9941F60042C4F202020820914208BF79
:104CA00007200090FFE700980190FFE7019802902D
:104CB000FFE702980390FFE703980490FFE704984A
:104CC0000590FFE705980690FFE70698C0B20B999C
:104CD00001F00301890000FA01F1089808430890E7
:104CE00008980B9921F0030143F60802C4F201026F
:104CF000885043F60840C4F2010000680890099902
:104D00000898884308900C988079C006002805D53B
:104D1000FFE70999089808430890FFE7089843F6C9
:104D20000841C4F20101086043F60C40C4F20100DE
:104D30000068089009990898884308900C98807931
:104D40008006002805D5FFE70999089808430890D0
:104D5000FFE7089843F60C41C4F20101086043F6EE
:104D60000440C4F20100006808900999089888433B
:104D700008900C9880798007002805D5FFE70999ED
:104D8000089808430890FFE7089843F60441C4F2E6
:104D90000101086043F60040C4F201000068089079
:104DA00009990898884308900C988079C00728B121
:104DB000FFE70999089808430890FFE7089843F629
:104DC0000041C4F201010860FFE7FFE7FFE70B982D
:104DD00001300B902FE60EB07047000047F2CC4038
:104DE000C2F200000068704740F2A450C2F2000016
:104DF000027847F2CC41C2F2000108681044086012
:104E00007047000080B543F60041C4F20201086813
:104E100040F400700860086840F48060086008682A
:104E200040F480700860032000F0D0F80F2000F0FC
:104E300005F800F07BF8002080BD000080B58CB044
:104E40000B90002004900390FFE70020009043F6B1
:104E50004000C4F20200016841F0100101600068E6
:104E600000F0100000900098FFE706A802A901F0EA
:104E70005BFB09980490049820B9FFE701F084FBDC
:104E8000059004E001F080FB40000590FFE70598E5
:104E90004DF68361C4F21B31A0FB01014FF0FF30DE
:104EA00000EB9140039043F23820C2F2000041F23F
:104EB0000001C4F20001016040F2E731C1600399D2
:104EC0004160002101618160816101F05DFF8DF829
:104ED00007009DF8070028BBFFE743F23820C2F225
:104EE000000001F0A3FF8DF807009DF80700C0B98E
:104EF000FFE7362000F046F80B980F280CD8FFE7A4
:104F00000B993620002200F047F80B9840F2A85188
:104F1000C2F20001086003E001208DF80700FFE7FE
:104F2000FFE7FFE79DF807000CB080BD80B582B0B9
:104F3000FFE70020019043F64400C4F2020001683C
:104F400041F480410160006800F4804001900198C4
:104F5000FFE7FFE70020009043F64000C4F20200A4
:104F6000016841F080510160006800F080500090BD
:104F70000098FFE76FF001000F21002200F00CF80D
:104F800002B080BD80B582B08DF807009DF90700A2
:104F900012F0AAF902B080BD80B586B08DF8170076
:104FA000049103920020029012F0B6F902909DF94C
:104FB0001700019002980499039A03F08DF90146B5
:104FC000019812F0B1F906B080BD000080B582B042
:104FD0000190019812F0ECF902B080BD82B001900E
:104FE0008DF8031002B0704782B00190ADF8021046
:104FF000BDF80200019909684862002002B07047BC
:1050000084B003908DF80B10ADF808200398006869
:10501000406A00909DF80B0048B9FFE7BDF8081002
:10502000009840EA014003990968886233E00398D8
:105030000068816A009800EB1140009000208DF814
:105040000700FFE79DF807009DF80B100139884223
:1050500013D2FFE7039800689DF8071000EB81006A
:10506000D0F80411009800EB11400090FFE79DF884
:10507000070001308DF80700E4E7BDF8081000983C
:1050800040EA0140039909689DF80B2001EB820179
:10509000C1F80001FFE7002004B0704780B582B07E
:1050A00001900198D0F8E00405F01AFC02B080BD30
:1050B00080B582B001908DF80310019AD2F8E00417
:1050C0009DF8031001EBC10302EB8302126A05F0A5
:1050D00065FA02B080BD000080B582B001908DF805
:1050E0000310019AD2F8E0049DF8031001EBC1030C
:1050F00002EB8302D2F8602205F018FB02B080BDFB
:1051000080B582B001900198D0F8E00405F0EEFB84
:1051100002B080BD80B584B003908DF80B109DF86F
:105120000B00000600280CD5FFE703989DF80B1034
:1051300001F00F0101EBC10100EB8100143001907F
:105140000CE003989DF80B1001F00F0101EBC10179
:1051500000EB810000F515700190FFE703980068EF
:10516000019907F047F98DF80A009DF80A0004B08C
:1051700080BD000080B584B002908DF807109DF8C6
:105180000700000600280FD5FFE702989DF80710DA
:1051900001F00F0101EBC10100EB81001430009020
:1051A0000099012048700FE002989DF8071001F067
:1051B0000F0101EBC10100EB810000F515700090BB
:1051C000009900204870FFE79DF8070000F00F00ED
:1051D00000990870FFE7029890F89404012804D120
:1051E000FFE702208DF80F0014E00299012081F8FA
:1051F0009404FFE7FFE702980068009906F0EAFBD5
:10520000FFE70299002081F89404FFE700208DF861
:105210000F00FFE79DF80F0004B080BD80B584B09B
:1052200002908DF807109DF8070000F00F0002991A
:105230000979884204D9FFE701208DF80F004DE07D
:105240009DF80700000600280FD5FFE702989DF89B
:10525000071001F00F0101EBC10100EB81001430D8
:1052600000900099012048700FE002989DF8071007
:1052700001F00F0101EBC10100EB810000F5157099
:105280000090009900204870FFE700990020887086
:105290009DF8070000F00F0000990870FFE70298E2
:1052A00090F89404012804D1FFE702208DF80F0044
:1052B00014E00299012081F89404FFE7FFE70298C7
:1052C0000068009906F0F6FDFFE70299002081F8DA
:1052D0009404FFE700208DF80F00FFE79DF80F0012
:1052E00004B080BD82B001908DF8031001989DF844
:1052F000031001F00F0101EBC10100EB8100D0F8B8
:10530000680202B07047000080B586B004908DF846
:105310000F10ADF80C208DF80B3000208DF80A002E
:105320009DF80F00000600280FD5FFE704989DF8B0
:105330000F1001F00F0101EBC10100EB81001430EF
:1053400001900199012048700FE004989DF80F101A
:1053500001F00F0101EBC10100EB810000F51570B8
:105360000190019900204870FFE79DF80F0000F0C0
:105370000F0001990870BDF80C006FF3DF20019950
:1053800088609DF80B00019908710198407820B160
:10539000FFE7019908784883FFE79DF80B00022892
:1053A00004D1FFE7019900204871FFE7FFE7049867
:1053B00090F89404012804D1FFE702208DF817002B
:1053C00015E00499012081F89404FFE7FFE70498B1
:1053D0000068019906F0C8F9FFE70499002081F8F8
:1053E0009404FFE79DF80A008DF81700FFE79DF889
:1053F000170006B080BD000080B586B005908DF81E
:1054000013100392029305989DF8131001F00F01F9
:1054100001EBC10100EB810000F5157001900398CC
:105420000199C860029801990861019900204861BA
:10543000019948709DF8130000F00F000199087061
:1054400005988079012804D1FFE703980199C86184
:10545000FFE7059A10680199927906F0CFFD0020C8
:1054600006B080BD80B584B002908DF807109DF81D
:10547000070000F00F0002990979884204D9FFE77C
:1054800001208DF80F0058E09DF807000006002865
:105490000FD5FFE702989DF8071001F00F0101EB0F
:1054A000C10100EB81001430009000990120487088
:1054B0000DE002989DF8071001EBC10100EB81009F
:1054C00000F515700090009900204870FFE70099E2
:1054D000012088709DF8070000F00F000099087007
:1054E000FFE7029890F89404012804D1FFE7022016
:1054F0008DF80F0021E00299012081F89404FFE764
:10550000FFE702980068009906F024FD9DF8070067
:10551000000740B9FFE7029A1068917902F29C42B5
:1055200006F078FCFFE7FFE70299002081F8940479
:10553000FFE700208DF80F00FFE79DF80F0004B093
:1055400080BD000080B586B005908DF813100392E1
:10555000029305989DF8131001F00F0101EBC101B2
:1055600000EB81001430019003980199C860029803
:105570000199086101990020486101990120487052
:105580009DF8130000F00F000199087005988079CC
:10559000012804D1FFE703980199C861FFE7059A44
:1055A00010680199927906F029FD002006B080BDAF
:1055B00080B58CB00B900B9800680A900A980990FF
:1055C0000B98006807F04CF8002840F00C84FFE7C7
:1055D0000B98006807F0B0F810B9FFE700F003BCC3
:1055E0000998D0F80808C0F30D200B99C1F8D4042D
:1055F0000B98006807F0A0F88007002807D5FFE7A0
:105600000B980168486900F002004861FFE70B98B9
:10561000006807F091F8C006002862D5FFE70B98F4
:105620000168886920F0100088610A98006A029079
:105630000B98029901F00F0101EBC10100EB810011
:1056400000F515700890029800F4F0110220B0EBFC
:10565000514F23D1FFE7BDF8080047F6F07108422B
:105660001BD0FFE70A980899C968029AC2F30A1288
:1056700007F070F8029847F6F07100EA0103089A03
:10568000D06800EB1310D060029800EA010208997C
:10569000486900EB12104861FFE71BE0029800F434
:1056A000F0110620B0EB514F12D1FFE70A980B9989
:1056B00001F29C41082207F04DF8029847F6F0717C
:1056C00000EA01020899486900EB1210486100E005
:1056D000FFE7FFE70B980168886940F010008861D8
:1056E000FFE70B98006807F027F80003002840F157
:1056F000A680FFE7002004900B98006806F0CAFF20
:105700000690FFE70698002800F09880FFE79DF8D4
:105710001800C007002800F08A80FFE70B98006897
:105720009DF8101006F0F0FF05909DF81400C007DA
:1057300060B1FFE70998049900EB41110120C1F81D
:10574000080B0B98049902F04BFEFFE79DF814003C
:10575000000700280CD5FFE70998049900EB4111D8
:105760000820C1F8080B0B98049902F0F3FDFFE73D
:105770009DF81400C006002808D5FFE70998049991
:1057800000EB41111020C1F8080BFFE79DF8140051
:10579000800700282DD5FFE70A98406900060028F9
:1057A00008D5FFE70999D1F8040840F48060C1F8F2
:1057B0000408FFE70B98049901EBC10100EB81009D
:1057C00000F5157008900898C078012809D1FFE706
:1057D00008990020C8700B989DF8101000F014FB79
:1057E000FFE70998049900EB41110220C1F8080B6A
:1057F000FFE79DF814008006002808D5FFE7099808
:10580000049900EB41112020C1F8080BFFE79DF837
:1058100015008006002809D5FFE70998049900EBD8
:1058200041114FF40050C1F8080BFFE7FFE704985F
:105830000130049006984008069063E7FFE70B9854
:10584000006806F079FF4003002840F1C680FFE7BA
:105850000B98006806F00CFF069000200490FFE70C
:105860000698002800F0B880FFE79DF81800C007F0
:10587000002800F0AA80FFE70B9800689DF8101040
:1058800006F01AFF05909DF81400C00700283ED0CE
:10589000FFE7049800F00F01012000FA01F10391E5
:1058A000039B099AD2F834189943C2F8341809991D
:1058B000049A01EB4211C1F808090B98807901287C
:1058C0001FD1FFE70B98049901EBC10100EB8101A7
:1058D000CA69086A10440862049888B9FFE70B98FF
:1058E000049901EBC10100EB8100406A40B9FFE778
:1058F0000B99086801F29C42012106F08BFAFFE740
:10590000FFE70B989DF81010FFF7D2FBFFE79DF81B
:1059100014000007002808D5FFE70998049900EB58
:1059200041110820C1F80809FFE79DF81400C006DE
:10593000002808D5FFE70998049900EB41111020D1
:10594000C1F80809FFE79DF814004006002808D5B3
:10595000FFE70998049900EB41114020C1F80809BC
:10596000FFE79DF814008007002822D5FFE70A987A
:10597000049906F011FE0B98049901EBC10100EBAC
:105980008100143008900898C078012809D1FFE7F9
:1059900008990020C8700B989DF8101000F026FAA6
:1059A000FFE70998049900EB41110220C1F80809AA
:1059B000FFE79DF814000006002805D5FFE70B98C7
:1059C000049902F0F1FDFFE7FFE70498013004902D
:1059D00006984008069043E7FFE70B98006806F03A
:1059E000ABFEC00F00B3FFE70999D1F8040820F01F
:1059F0000100C1F804080B9890F8CC04012808D1E4
:105A0000FFE70B98002180F8CC140B98FFF7E6FA1B
:105A100003E00B9800F0AAFBFFE70B9801684869C8
:105A200000F000404861FFE70B98006806F084FE34
:105A30000005002811D5FFE70998D0F80808C0072D
:105A400020B1FFE70B9800F01DFCFFE70B98016801
:105A5000486900F400604861FFE70B98006806F0B1
:105A60006BFEC004002840F18680FFE70999D1F859
:105A7000040820F00100C1F804080B980068102108
:105A800006F08AFD00200790FFE707980B99097937
:105A9000884231D2FFE70998079900EB41114FF690
:105AA0007F30C1F808090999079A01EB4212D2F830
:105AB000001921F40011C2F800190999079A01EBA5
:105AC0004211C1F8080B0998079900EB4111D1F870
:105AD000000B20F40010C1F8000B0998079900EBA7
:105AE0004111D1F8000B40F00060C1F8000BFFE756
:105AF000079801300790C8E70999D1F81C0840F0D1
:105B00000110C1F81C080B98C07B78B1FFE7099918
:105B1000D1F8840840F00B00C1F884080999D1F845
:105B2000440840F00B00C1F844080FE00999D1F88F
:105B3000140842F22B021043C1F814080999D1F855
:105B4000100840F00B00C1F81008FFE70999D1F8E0
:105B5000000820F4FE60C1F800080B9A10689179E3
:105B600002F29C4206F056F90B980168486900F46D
:105B700080504861FFE70B98006806F0DDFD800467
:105B800000281FD5FFE70B98006805F05DFE0B9815
:105B9000006806F03FFD0B99C8710B9800680190F2
:105BA00000F0ECFC014601980B9AD27906F0CAFE8F
:105BB0000B9800F0B1FA0B980168486900F40050A6
:105BC0004861FFE70B98006806F0B6FD0007002863
:105BD0000AD5FFE70B9800F0D3FA0B9801684869E3
:105BE00000F008004861FFE70B98006806F0A4FD8C
:105BF0000006002825D5FFE70A99886920F0800073
:105C0000886101200490FFE704980B990979884284
:105C100016D2FFE70B98049901EBC10100EB81005C
:105C200090F85702012806D1FFE70B989DF8101055
:105C3000FFF770FAFFE7FFE7049801300490E3E70D
:105C4000FFE70B98006806F077FDC00200283CD5FE
:105C5000FFE701200490FFE704980B990979884237
:105C60002CD2FFE70998049900EB4110D0F8000905
:105C700002900B98049901EBC10100EB8100007EBA
:105C8000012816D1FFE79DF80B000006002810D56B
:105C9000FFE70B98049901EBC10100EB81010120A2
:105CA000C8750B989DF8101041F08001FFF732FA8B
:105CB000FFE7FFE7049801300490CDE70B980168F7
:105CC000486900F480104861FFE70B98006806F00F
:105CD00033FD8002002856D5FFE701200490FFE73E
:105CE00004980B990979884246D2FFE709980499EC
:105CF00000EB4110D0F8000B02900B98049901EBD7
:105D0000C10100EB810090F8580201282FD1FFE774
:105D10009DF80B000006002829D5FFE7029800F443
:105D200080310B98D0F8D40400F00100B0EB114F93
:105D30001DD1FFE70B98049901EBC10100EB810134
:105D4000012081F857020A99886940F08000886133
:105D50000A9840690006002808D4FFE70999D1F89D
:105D6000040840F40070C1F8040805E0FFE7FFE70D
:105D7000049801300490B3E70B980168486900F477
:105D800000104861FFE70B98006806F0D5FC400062
:105D900000280AD5FFE70B98FFF780F90B980168F8
:105DA000486900F080404861FFE70B98006806F002
:105DB000C3FC4007002815D5FFE70B980068406832
:105DC00002909DF808004007002804D5FFE70B98D3
:105DD000FFF796F9FFE7029A0B98016848681043AD
:105DE0004860FFE7FFE70CB080BD000080B582B0DF
:105DF00001908DF803100198D0F8E0049DF803108D
:105E000004F010FE02B080BD80B582B001908DF824
:105E100003100198D0F8E0049DF8031004F03AFE56
:105E200002B080BD80B58EB00C900C9820B9FFE711
:105E300001208DF8370012E10C9800680B900C9847
:105E400090F8950440B9FFE70C99002081F894047C
:105E50000C9800F009F9FFE70C99032081F89504EC
:105E60000B98B0F1A04F04D1FFE70C990020887186
:105E7000FFE70C98006805F0C3FF0C9B1868197CBD
:105E80008DF8241059689A68DB6808930792069188
:105E90000699079A089BDDF824C0EE46CEF800C0AC
:105EA00005F0E8FC40B1FFE70C99022081F8950469
:105EB00001208DF83700D2E00C980068002106F030
:105EC000A3FC40B1FFE70C99022081F89504012062
:105ED0008DF83700C3E000208DF82B00FFE79DF818
:105EE0002B000C990979884241DAFFE70C989DF85C
:105EF0002B1001EBC10100EB8101012048759DF8D9
:105F00002B000C9900EBC00201EB820108759DF893
:105F10002B000C9900EBC00201EB8201C8850C98A4
:105F20009DF82B1001EBC10100EB810100200876E8
:105F30000C999DF82B2002EBC20201EB8201C86193
:105F40000C999DF82B2002EBC20201EB8201086242
:105F50000C999DF82B2002EBC20201EB82014862F2
:105F6000FFE79DF82B0001308DF82B00B7E70020EC
:105F70008DF82B00FFE79DF82B000C9909798842DA
:105F80003EDAFFE70C989DF82B1001EBC10100EB06
:105F90008101002081F855029DF82B100C9A01EB2D
:105FA000C10302EB830282F854120C999DF82B2056
:105FB00002EBC20201EB820181F858020C999DF8B4
:105FC0002B2002EBC20201EB8201C1F85C020C99AA
:105FD0009DF82B2002EBC20201EB8201C1F86002A6
:105FE0000C999DF82B2002EBC20201EB8201C1F853
:105FF0006402FFE79DF82B0001308DF82B00BAE713
:106000000C9B1868197C8DF8141059689A68DB6825
:106010000493039202910299039A049BDDF814C041
:10602000EE46CEF800C005F09DFD40B1FFE70C99AB
:10603000022081F8950401208DF837000FE00C99BB
:106040000020019048740C99012081F895040C9867
:10605000006805F071FD01988DF83700FFE79DF8A5
:1060600037000EB080BD000080B58AB009900020D6
:106070000890079006900590049009980068B0F188
:10608000A04F47D1FFE7FFE70020039043F6300021
:10609000C4F20200016841F001010160006800F0F3
:1060A000010003900398FFE74FF4C05004900220D2
:1060B000059000200690032007900A2008900020F9
:1060C000C4F2020004A9FEF7ADFCFFE743F6340179
:1060D000C4F20201086840F080000860FFE7002079
:1060E000029043F64400C4F20200016841F480418A
:1060F0000160006800F4804002900298FFE7FFE72B
:106100004320019005210022FEF746FF0198FEF78B
:1061100039FFFFE70AB080BD80B582B00190012051
:106120008DF803000198C07920B9FFE700208DF8B1
:1061300003000CE00198C079022804D1FFE7012098
:106140008DF8030002E0FAF785FEFFE7FFE701980C
:10615000D0F8E0049DF8031004F09CFD0198D0F8FD
:10616000E00404F017FD02B080BD000080B582B0ED
:1061700001900198D0F8E00404F05AFD02B080BD0F
:1061800080B582B001900198D0F8E00404F062FD7F
:1061900002B080BD80B584B002908DF80710FFE793
:1061A000029890F89404012804D1FFE702208DF8AA
:1061B0000F0019E00299012081F89404FFE7FFE73E
:1061C0009DF8070002994874029800689DF807102E
:1061D00006F08AFBFFE70299002081F89404FFE7AC
:1061E00000208DF80F00FFE79DF80F0004B080BD80
:1061F00080B582B001900199D1F8E00401F29C4190
:1062000004F072FD02B080BD80B584B002900298A7
:1062100000680190FFE7029890F89404012804D1E7
:10622000FFE702208DF80F0028E00299012081F895
:106230009404FFE7FFE70198C068400600280BD5EB
:10624000FFE70298407B012806D1FFE70199886BA0
:1062500040F480308863FFE70298006806F058F940
:106260000298006805F052FCFFE70299002081F8CF
:106270009404FFE700208DF80F00FFE79DF80F0062
:1062800004B080BD80B582B001900198D0F8E004E0
:1062900004F0ACFD01980168D1F8000E40F0010057
:1062A000C1F8000E0198C07A48B1FFE74EF61051D0
:1062B000CEF20001086840F006000860FFE702B077
:1062C00080BD000080B584B002900191029820B991
:1062D000FFE701208DF80F0021E1019843F600410E
:1062E000C4F20201096801F00701884212D9FFE7F0
:1062F000019943F60040C4F202000170006800F00A
:1063000007000199884204D0FFE701208DF80F00B3
:1063100005E1FFE702980078800700282AD5FFE70B
:10632000029800784007002809D5FFE743F60801E6
:10633000C4F20201086840F4E0500860FFE70298E8
:1063400000780007002809D5FFE743F60801C4F2EA
:106350000201086840F460400860FFE743F6080166
:10636000C4F20201086820F0F000029A926810431B
:106370000860FFE702980078C00700286ED0FFE7AA
:1063800002984068012811D1FFE743F60000C4F2EB
:106390000200006800F400310020B0EB514F04D13E
:1063A000FFE701208DF80F00B9E02CE0029840686B
:1063B000022805D0FFE702984068032811D1FFE7C3
:1063C00043F60000C4F20200006800F000710020F3
:1063D000B0EB516F04D1FFE701208DF80F009EE074
:1063E00010E043F60000C4F20200006800F0020171
:1063F0000020B0EB510F04D1FFE701208DF80F0012
:106400008DE0FFE7FFE743F60801C4F202010868E8
:1064100020F00300029A526810430860FEF7DEFC89
:106420000090FFE743F60800C4F20200006800F0A5
:106430000C0002994968B0EB810F0ED0FFE7FEF720
:10644000CDFC0099401A41F28931884204D3FFE71C
:1064500003208DF80F0062E0E4E7FFE7019843F6C0
:106460000041C4F20201096801F00701884212D21A
:10647000FFE7019943F60040C4F202000170006892
:1064800000F007000199884204D0FFE701208DF851
:106490000F0044E0FFE702980078400700280CD581
:1064A000FFE743F60801C4F20201086820F4E05057
:1064B000029AD26810430860FFE70298007800074C
:1064C00000280DD5FFE743F60801C4F20201086871
:1064D00020F46040029A126940EAC2000860FFE7B7
:1064E00000F076F843F60801C4F202010968C9B267
:1064F0000A094AF6A461C0F60101895CC84040F26D
:106500004031C2F20001086040F2A850C2F200001F
:106510000068FEF793FC00208DF80F00FFE79DF860
:106520000F0004B080BD000082B00190009101997D
:106530000F20086043F60800C4F20200016801F071
:106540000301019A5160016801F0F001019A916024
:10655000016801F4E051019AD160006800F46040E4
:10656000C0080199086143F60040C4F202000068C7
:1065700000F007000099086002B0704740F2403018
:10658000C2F200000068704780B5FFF7F7FF43F6DE
:106590000801C4F202010968C1F382224AF6B4611B
:1065A000C0F60101895CC84080BD000080B5FFF7DE
:1065B000E5FF43F60801C4F20201096889B24A0BFB
:1065C0004AF6B461C0F60101895CC84080BD000094
:1065D00080B586B00020059004900390029043F6A9
:1065E0000800C4F20200006800F00C0001460191AE
:1065F00040B1FFE7019804280AD0FFE70198082876
:106600000CD04FE042F20040C0F2F40002904FE0A4
:1066100041F60030C0F2B700029049E043F60400B2
:10662000C4F20200016801F03F01059100684002D8
:10663000002813D5FFE743F60400C4F20200006807
:10664000C0F3881041F60031C0F2B701A0FB010190
:10665000059A0023F9F7B8FD049012E043F6040010
:10666000C4F202000068C0F3881042F20041C0F298
:10667000F401A0FB0101059A0023F9F7A5FD0490A0
:10668000FFE743F60400C4F20200006800F4403162
:10669000022000EBD130039004980399B0FBF1F095
:1066A000029005E042F20040C0F2F4000290FFE7E1
:1066B000029806B080BD000080B586B004900498B2
:1066C00020B9FFE701208DF8170050E30498007807
:1066D000C007002800F0A580FFE743F60800C4F2D9
:1066E0000200006800F00C00042813D0FFE743F616
:1066F0000800C4F20200006800F00C0008281ED157
:10670000FFE743F60400C4F20200006840020028DC
:1067100015D5FFE743F60000C4F20200006800F45C
:1067200000310020B0EB514F08D0FFE704984068DB
:1067300020B9FFE701208DF8170018E370E0FFE7AC
:1067400004984068B0F5803F09D1FFE743F60001A7
:10675000C4F20201086840F48030086020E0049828
:106760004068B0F5A02F0DD1FFE743F60001C4F259
:106770000201086840F480200860086840F4803016
:1067800008600CE043F60001C4F20201086820F43E
:1067900080300860086820F480200860FFE7FFE789
:1067A000FFE704984068E8B1FFE7FEF717FB0390A6
:1067B000FFE743F60000C4F20200006800F4003175
:1067C0000020B0EB514F0CD1FFE7FEF707FB039918
:1067D000401A652804D3FFE703208DF81700C6E2AE
:1067E000E7E71CE0FEF7FAFA0390FFE743F6000044
:1067F000C4F20200006800F400310020B0EB514FF9
:106800000CD0FFE7FEF7EAFA0399401A652804D393
:10681000FFE703208DF81700A9E2E7E7FFE7FFE7AE
:10682000FFE7049800788007002840F19680FFE792
:1068300043F60800C4F20200006810F00C0F13D0F9
:10684000FFE743F60800C4F20200006800F00C0005
:1068500008282CD1FFE743F60400C4F202000068C8
:106860004002002823D4FFE743F60000C4F20200F0
:10687000006800F002010020B0EB510F09D0FFE7E3
:106880000498C068012804D0FFE701208DF81700A4
:106890006DE243F60001C4F20201086820F0F8003E
:1068A000049A126940EAC2000860FFE754E00498C5
:1068B000C06870B3FFE70021C4F2472101200860DF
:1068C000FEF78CFA0390FFE743F60000C4F20200E3
:1068D000006800F002010020B0EB510F0CD1FFE77F
:1068E000FEF77CFA0399401A032804D3FFE703203C
:1068F0008DF817003BE2E7E743F60001C4F202011E
:10690000086820F0F800049A126940EAC2000860A2
:1069100021E00021C4F2472100200860FEF75EFA62
:106920000390FFE743F60000C4F20200006800F0A5
:1069300002010020B0EB510F0CD0FFE7FEF74EFA3A
:106940000399401A032804D3FFE703208DF81700AA
:106950000DE2E7E7FFE7FFE7FFE7049800780007AD
:1069600000284BD5FFE70498406918B3FFE740F6CD
:106970008061C4F2472101200860FEF72FFA0390DE
:10698000FFE743F67400C4F20200006800F0020161
:106990000020B0EB510F0CD1FFE7FEF71FFA03996F
:1069A000401A032804D3FFE703208DF81700DEE127
:1069B000E7E722E040F68061C4F24721002008604A
:1069C000FEF70CFA0390FFE743F67400C4F20200EE
:1069D000006800F002010020B0EB510F0CD0FFE77F
:1069E000FEF7FCF90399401A032804D3FFE70320BC
:1069F0008DF81700BBE1E7E7FFE7FFE704980078B1
:106A00004007002840F1CE80FFE700208DF8070006
:106A100043F64000C4F202000068C000002815D40C
:106A2000FFE7FFE70020009043F64000C4F20200B9
:106A3000016841F080510160006800F080500090D2
:106A40000098FFE701208DF80700FFE747F20000FC
:106A5000C4F200000068C005002822D4FFE747F216
:106A60000001C4F20001086840F480700860FEF77D
:106A7000B5F90390FFE747F20000C4F20000006898
:106A8000C00500280CD4FFE7FEF7A8F90399401AC7
:106A9000032804D3FFE703208DF8170067E1EAE736
:106AA000FFE7FFE704988068012809D1FFE743F674
:106AB0007001C4F20201086840F0010008601FE0A4
:106AC0000498806805280DD1FFE743F67001C4F2F1
:106AD0000201086840F004000860086840F0010006
:106AE00008600CE043F67001C4F20201086820F06F
:106AF00001000860086820F004000860FFE7FFE775
:106B0000FFE704988068F8B1FFE7FEF767F90390A4
:106B1000FFE743F67000C4F20200006800F00201D3
:106B20000020B0EB510F0ED1FFE7FEF757F90399A4
:106B3000401A41F28931884204D3FFE703208DF8DF
:106B4000170014E1E5E71EE0FEF748F90390FFE7C0
:106B500043F67000C4F20200006800F00201002059
:106B6000B0EB510F0ED0FFE7FEF738F90399401A4A
:106B700041F28931884204D3FFE703208DF81700E2
:106B8000F5E0E5E7FFE79DF80700012809D1FFE7F9
:106B900043F64001C4F20201086820F0805008600A
:106BA000FFE7FFE704988069002800F0DC80FFE73A
:106BB00043F60800C4F20200006800F00C00082848
:106BC00000F08580FFE70498806902285CD1FFE728
:106BD0006021C4F2472100200860FEF7FFF803900F
:106BE000FFE743F60000C4F20200006800F0007105
:106BF0000020B0EB516F0CD0FFE7FEF7EFF80399E0
:106C0000401A032804D3FFE703208DF81700AEE0F5
:106C1000E7E70499C869D1F820C04B6A8A6A40EA5C
:106C20000C0040EA8310D2034FF6FF739A43A2F59B
:106C300080321043C96A40EA016043F60401C4F29D
:106C4000020108606021C4F2472101200860FEF7BC
:106C5000C5F80390FFE743F60000C4F202000068A5
:106C600000F000710020B0EB516F0CD1FFE7FEF790
:106C7000B5F80399401A032804D3FFE703208DF8E1
:106C8000170074E0E7E721E06021C4F2472100200B
:106C90000860FEF7A3F80390FFE743F60000C4F294
:106CA0000200006800F000710020B0EB516F0CD0C2
:106CB000FFE7FEF793F80399401A032804D3FFE790
:106CC00003208DF8170052E0E7E7FFE74AE0049859
:106CD0008069012804D1FFE701208DF8170046E004
:106CE00043F60400C4F20200006802900498806930
:106CF000012831D0FFE7029800F480000499C969A7
:106D0000884229D1FFE7029800F03F000499096A00
:106D1000884221D1FFE7029847F6C07108400499E4
:106D2000496AB0EB811F17D1FFE7029800F44030A9
:106D30000499896AC9034FF6FF729143A1F5803126
:106D4000884209D1FFE7029800F070600499C96A8F
:106D5000B0EB016F04D0FFE701208DF8170006E0CB
:106D6000FFE7FFE7FFE700208DF81700FFE79DF83A
:106D7000170006B080BD000081B0009001B07047E0
:106D800081B0009001B0704780B582B0009000984B
:106D900020B9FFE701208DF807003FE0009890F848
:106DA0003D0040B9FFE70099002081F83C000098C1
:106DB00000F038F8FFE70099022081F83D000099C3
:106DC00051F8040B01F082FD0099012081F8460082
:106DD000FFE70099012081F83E00009981F83F000B
:106DE000009981F84000009981F84100FFE7FFE732
:106DF0000099012081F84200009981F84300009930
:106E000081F84400009981F84500FFE700990120CE
:106E100081F83D0000208DF80700FFE79DF807008E
:106E200002B080BD81B0009001B0704783B0019086
:106E3000019890F83D00012804D0FFE701208DF86B
:106E40000B006AE00199022081F83D000198016879
:106E5000C86840F00100C860019800680021C4F2D1
:106E6000010188423CD0FFE701980068B0F1804FF3
:106E700036D0FFE70198006840F20041C4F20001FB
:106E800088422DD0FFE70198006840F60001C4F267
:106E90000001884224D0FFE70198006840F60041D5
:106EA000C4F2000188421BD0FFE70198006840F25D
:106EB0000041C4F20101884212D0FFE70198006846
:106EC00044F20001C4F20101884209D0FFE70198B1
:106ED000006841F60001C4F20001884212D1FFE7C8
:106EE00001980068806800F007000090009806286C
:106EF00007D0FFE701980168086840F001000860CA
:106F0000FFE706E001980168086840F001000860AA
:106F1000FFE700208DF80B00FFE79DF80B0003B0A2
:106F20007047000081B0009001B0704780B584B018
:106F3000039003980068C068029003980068006995
:106F400001909DF804008007002824D5FFE79DF8F4
:106F50000800800700281DD5FFE7039801686FF03F
:106F6000020008610399012008770398006880698E
:106F7000800720B1FFE70398FFF7D4FF06E00398EE
:106F800000F0E2F8039800F0E3F8FFE7039900202F
:106F90000877FFE7FFE79DF804004007002825D5A4
:106FA000FFE79DF80800400700281ED5FFE703987B
:106FB00001686FF0040008610399022008770398C4
:106FC0000068806910F4407F04D0FFE70398FFF762
:106FD000A9FF06E0039800F0B7F8039800F0B8F8AE
:106FE000FFE7039900200877FFE7FFE79DF804001B
:106FF0000007002824D5FFE79DF8080000070028B7
:107000001DD5FFE7039801686FF008000861039938
:107010000420087703980068C069800720B1FFE763
:107020000398FFF77FFF06E0039800F08DF80398C0
:1070300000F08EF8FFE7039900200877FFE7FFE7ED
:107040009DF80400C006002825D5FFE79DF808003C
:10705000C00600281ED5FFE7039801686FF01000F6
:10706000086103990820087703980068C06910F444
:10707000407F04D0FFE70398FFF754FF06E0039832
:1070800000F062F8039800F063F8FFE7039900202E
:107090000877FFE7FFE79DF80400C00778B1FFE736
:1070A0009DF80800C00748B1FFE7039801686FF03A
:1070B00001000861039800F04FF8FFE7FFE79DF833
:1070C00004000006002810D5FFE79DF80800000620
:1070D000002809D5FFE7039801686FF08000086178
:1070E0000398FFF749FEFFE7FFE79DF8040040061D
:1070F000002810D5FFE79DF808004006002809D5B4
:10710000FFE7039801686FF040000861039800F002
:1071100035F8FFE7FFE79DF804008006002810D54A
:10712000FFE79DF808008006002809D5FFE70398CF
:1071300001686FF0200008610398FFF721FEFFE768
:10714000FFE704B080BD000081B0009001B070473F
:1071500081B0009001B0704780B582B00190019875
:10716000006841F20001C4F20001884203D1FFE748
:10717000FDF73AFEFFE702B080BD000081B000904D
:1071800001B0704780B586B004900391ADF80A2035
:10719000049890F84200202848D1FFE7039820B1D6
:1071A000FFE7BDF80A0020B9FFE701208DF81700BE
:1071B00040E0049901200863049900204863049882
:1071C0000399BDF80A2001F049FF8DF809000498E1
:1071D000006B012821D1FFE7FFE700200190049810
:1071E0000068006801900498006840680190019868
:1071F000FFE7FFE7FFE70498006850E8030F40F05F
:1072000010000090FFE700990498026842E803101C
:107210000028F0D1FFE7FFE703E001208DF8090027
:10722000FFE79DF809008DF8170003E002208DF8B4
:107230001700FFE79DF8170006B080BD80B582B04B
:107240000190ADF802100198006844F60001C4F204
:107250000001884208D1FFE70BF0DEFE0199BDF87E
:1072600002200BF05FFE13E00198006841F200017C
:10727000C4F2010188420AD1FFE70199BDF802205A
:1072800042F2A800C2F2000006F09AFFFFE7FFE713
:1072900002B080BD80B586B00490FFE7FFE7049898
:1072A000006850E8030F20F490700390FFE7039903
:1072B0000498026842E803100028F0D1FFE7FFE7D6
:1072C000FFE7FFE70498006850E8050F20F0010091
:1072D0000290FFE702990498026842E8051000282E
:1072E000F0D1FFE7FFE70498006B012814D1FFE716
:1072F000FFE7FFE70498006850E8030F20F0100054
:107300000190FFE701990498026842E80310002801
:10731000F0D1FFE7FFE7FFE7049800684069400607
:10732000002832D5FFE7FFE7FFE70498006850E840
:10733000050F20F040000090FFE7009904980268D4
:1073400042E805100028F0D1FFE7FFE70498C06B82
:10735000D0B1FFE70498C16B002008650498C06BAA
:10736000FCF7F6FF78B1FFE70498C06BFDF788F8EB
:10737000202807D1FFE704991020486403208DF8E6
:1073800017000EE0FFE7FFE7FFE704990020C8853C
:10739000049A202182F84210049908638DF817009E
:1073A000FFE79DF8170006B080BD000080B584B0EF
:1073B0000290FFE7FFE70298006850E8030F20F013
:1073C000C0000190FFE701990298026842E80310AB
:1073D0000028F0D1FFE7FFE7029800684069000647
:1073E000002832D5FFE7FFE7FFE70298006850E882
:1073F000050F20F080000090FFE7009902980268D6
:1074000042E805100028F0D1FFE7FFE70298806B03
:10741000D0B1FFE70298816B002008650298806B6D
:10742000FCF796FF78B1FFE70298806BFDF728F82C
:10743000202807D1FFE702991020486403208DF827
:107440000F000CE0FFE7FFE7FFE702990020C88488
:10745000029A202182F841108DF80F00FFE79DF875
:107460000F0004B080BD000080B586B0059005987F
:10747000006841F20041C4F2010188423AD1FFE7BD
:10748000FFE70020049005980068006804900598C4
:107490000068406804900498FFE7FFE7002003902D
:1074A000059800680068039005980068406803909C
:1074B0000398FFE7FFE70020029005980068006846
:1074C000029005980068406802900298FFE7FFE785
:1074D00000200190059800680068019005980068F8
:1074E000406801900198FFE705F086FB0598FFF7DB
:1074F0005DFFFFE706B080BD80B592B01190119896
:1075000000680068109011980068C0680F9011988A
:10751000006840690E9000200D900C90109800F0CB
:107520000F000D900D9888B9FFE79DF84000800688
:1075300000280AD5FFE79DF83C008006002804D506
:10754000FFE7119801F038FC02E2FFE70D980028F0
:1075500000F0C280FFE79DF83800C00738B9FFE7A8
:10756000BDF83C0010F4907F00F0B680FFE79DF876
:107570004000C00758B1FFE79DF83D00C00730B19B
:10758000FFE71199486C40F001004864FFE79DF85F
:107590004000400700280BD5FFE79DF83800C007E2
:1075A00030B1FFE71199486C40F002004864FFE7F2
:1075B0009DF84000800700280BD5FFE79DF83800B4
:1075C000C00730B1FFE71199486C40F004004864EF
:1075D000FFE79DF840000007002811D5FFE79DF860
:1075E0003C008006002805D4FFE79DF83800C0075E
:1075F00030B1FFE71199486C40F008004864FFE79C
:107600001198406C002866D0FFE79DF84000800686
:1076100000280AD5FFE79DF83C008006002804D525
:10762000FFE7119801F0C8FBFFE711980068406977
:10763000C0F380100C901198406C0007002804D40F
:10764000FFE70C9800283ED0FFE7119801F03AFBC5
:10765000119800684069400600282FD5FFE7FFE732
:10766000FFE71198006850E8050F20F040000B90EC
:10767000FFE70B991198026842E805100028F0D145
:10768000FFE7FFE71198C06B98B1FFE71198C16B56
:1076900048F67120C0F6000008651198C06BFCF731
:1076A000CDFE28B1FFE71198C06B016D8847FFE759
:1076B00003E01198FFF7D8FEFFE703E01198FFF70A
:1076C000D3FEFFE706E01198FFF7CEFE11990020E8
:1076D0004864FFE7FFE73BE11198006B012840F0A9
:1076E0001781FFE79DF84000C006002840F1108197
:1076F000FFE79DF83C00C006002840F10981FFE744
:10770000FFE700200A901198006800680A9011981D
:10771000006840680A900A98FFE71198006840697D
:107720004006002840F19A80FFE71198C06B00687E
:107730004068ADF82600BDF82600002875D0FFE7A8
:10774000BDF826001199898D88426EDAFFE7BDF8F1
:1077500026001199C8851198C06BC069B0F5807F6B
:1077600058D0FFE7FFE7FFE71198006850E8030FE4
:1077700020F480700890FFE708991198026842E8A9
:1077800003100028F0D1FFE7FFE7FFE7FFE71198BC
:10779000006850E8050F20F001000790FFE7079907
:1077A0001198026842E805100028F0D1FFE7FFE7D2
:1077B000FFE7FFE71198006850E8050F20F0400050
:1077C0000690FFE706991198026842E80510002824
:1077D000F0D1FFE7FFE71199202081F842001199CD
:1077E00000200863FFE7FFE71198006850E8030FE7
:1077F00020F010000590FFE705991198026842E813
:1078000003100028F0D1FFE7FFE71198C06BFCF7E9
:107810009FFDFFE71199022048631198818DC28D69
:10782000891A89B2FFF70AFD17E0BDF82600119901
:10783000898D884210D1FFE71198C06BC069B0F5FF
:10784000807F08D1FFE71199022048631198818D4C
:10785000FFF7F4FCFFE7FFE7FFE779E01199888D78
:10786000C98D401AADF812001198C08D00284ED075
:10787000FFE7BDF81200002849D0FFE7FFE7FFE768
:107880001198006850E8030F20F490700390FFE710
:1078900003991198026842E803100028F0D1FFE72D
:1078A000FFE7FFE7FFE71198006850E8050F20F0B9
:1078B00001000290FFE702991198026842E8051062
:1078C0000028F0D1FFE7FFE71199202081F842005E
:1078D000119900200863FFE7FFE71198006850E85E
:1078E000030F20F010000190FFE701991198026842
:1078F00042E803100028F0D1FFE7FFE711990220CA
:1079000048631198BDF81210FFF798FCFFE71FE0DD
:107910009DF84000000600280AD5FFE79DF83C00CE
:107920000006002804D5FFE7119801F02FFC0FE0B6
:107930009DF84000400600280AD5FFE79DF83C006E
:107940004006002804D5FFE7119801F005FAFFE78B
:1079500012B080BD80B582B00090009820B9FFE7DA
:1079600001208DF8070040E00098806908B1FFE72A
:1079700000E0FFE7009890F8410040B9FFE7009968
:10798000002081F84000009800F034F8FFE70099EB
:10799000242081F8410000980168C86820F4005054
:1079A000C860009801F0BCFA00980168086920F4EA
:1079B0009040086100980168486920F02A004861F9
:1079C00000980168C86840F40050C8600099002021
:1079D0004864009A202182F84110009A82F84210EF
:1079E000009948638DF80700FFE79DF8070002B093
:1079F00080BD000080B59CB01B9000201A901990AB
:107A00001890179016901B98006841F20001C4F27C
:107A10000101884240F09180FFE7FFE700201590C8
:107A200043F64400C4F20200016841F01001016015
:107A3000006800F0100015901598FFE7FFE70020A0
:107A4000149043F63000C4F20200016841F00201D4
:107A50000160006800F0020014901498FFE7FFE74F
:107A60000020139043F63000C4F20200016841F098
:107A700001010160006800F0010013901398FFE716
:107A80008020169002200990179000200D901890E9
:107A900003200A90199007200B901A9040F20040A2
:107AA000C4F2020016A90C91FCF7BCFFDDF824C05B
:107AB0000A9A0B980C990D9B4FF4007ECDF858E074
:107AC000CDF85CC0189319921A900020C4F20200FD
:107AD000FCF7A8FF0D9942F6D430C2F200000E90D8
:107AE00046F24042C4F2020202604FF0006242607D
:107AF0008160C1604FF48062026141618161C16156
:107B000001624162FCF752FE18B1FFE7F9F7A2F9F2
:107B1000FFE7FFE71B9842F6D431C2F20001C163D0
:107B20001B988863FFE72520089005210022FDF7B8
:107B300033FA0898FDF726FA0EE11B98006844F620
:107B40000001C4F20001884268D1FFE7FFE700208E
:107B5000129043F64000C4F20200016841F4802113
:107B60000160006800F4802012901298FFE7FFE7A0
:107B70000020119043F63000C4F20200016841F089
:107B800004010160006800F0040011901198FFE703
:107B90004FF4406016900220179000200690189035
:107BA0000320199007201A9040F60000C4F202004A
:107BB00016A9FCF737FF069942F63440C2F20000DE
:107BC000079046F22802C4F2020202604FF00062FF
:107BD00042608160C1604FF48062026141618161F5
:107BE000C16101624162FCF7E1FD18B1FFE7F9F7FD
:107BF00031F9FFE7FFE71B9842F63441C2F200017A
:107C0000C1631B988863FFE72720059005210022A8
:107C1000FDF7C2F90598FDF7B5F99CE01B980068DF
:107C200041F20041C4F20101884240F09380FFE735
:107C3000FFE70020109043F64400C4F20200016800
:107C400041F020010160006800F0200010901098C1
:107C5000FFE7FFE700200F9043F63000C4F2020078
:107C6000016841F040010160006800F040000F90A1
:107C70000F98FFE74FF484401690022017900020E1
:107C8000039018900320199008201A9041F60000E4
:107C9000C4F2020016A9FCF7C5FE039942F694400F
:107CA000C2F20000049046F22842C4F202020260CE
:107CB0004FF0206242608160C1604FF480620261D7
:107CC00041618161C16101624162FCF76FFD18B1E0
:107CD000FFE7F9F7BFF8FFE7FFE71B9842F694418B
:107CE000C2F20001C1631B988863FFE742F6F440CB
:107CF000C2F20000029046F2A041C4F2020101600B
:107D00004FF020614160402181600021C1604FF44B
:107D10008062026141618161C16101624162FCF77F
:107D200045FD18B1FFE7F9F795F8FFE7FFE71B9866
:107D300042F6F441C2F2000181631B988863FFE7B9
:107D40004720019005210022FDF726F90198FDF753
:107D500019F9FFE7FFE7FFE71CB080BD81B0009095
:107D600001B0704781B0009001B0704780B586B017
:107D700004900391ADF80A20049890F8410020285F
:107D80006AD1FFE7039820B1FFE7BDF80A0020B9E8
:107D9000FFE701208DF8170062E00398049908625C
:107DA000BDF80A0004998884BDF80A000499C884C3
:107DB000049900204864049A212182F84110049912
:107DC0008A6B48F63141C0F60001D16304998A6B91
:107DD00048F6AD41C0F60001116404998A6B48F67B
:107DE0008D21C0F60001D1640499896B086503A850
:107DF000019004980268806B019909680432BDF80B
:107E00000A30FCF78BFD58B1FFE704991020486455
:107E10000499202081F8410001208DF817001FE00F
:107E2000049801686FF040000860FFE7FFE70498DE
:107E3000006850E8050F40F080000090FFE70099CF
:107E40000498026842E805100028F0D1FFE7FFE738
:107E500000208DF8170003E002208DF81700FFE7DF
:107E60009DF8170006B080BD80B582B001900198E2
:107E7000006841F20041C4F20101884203D1FFE7EA
:107E800004F0BAFEFFE702B080BD000081B00090B0
:107E900001B07047FFE7FEE783B0029001918DF8D3
:107EA000032000208DF802008DF80200FFE79DF806
:107EB00002009DF80310884229DAFFE70298000FBC
:107EC000092809D8FFE70298000F303001999DF882
:107ED000022001F8120009E00299372000EB11702E
:107EE00001999DF8022001F81200FFE702980001B5
:107EF000029001989DF8021000EB410100204870AB
:107F0000FFE79DF8020001308DF80200CFE703B0D3
:107F10007047000080B582B042F68430C2F20000A3
:107F2000019046F20041C4F2000101600621416067
:107F300000218160C1604FF4403202614FF4801231
:107F400042610176012242768276C27601774177DC
:107F5000FBF740FE18B1FFE7F8F77CFFFFE702B040
:107F600080BD000080B582B042F6AC30C2F20000A5
:107F7000019046F60001C4F2000101600621416053
:107F800000218160C1604FF4403202614FF48012E1
:107F900042610176012242768276C276017741778C
:107FA000FBF718FE18B1FFE7F8F754FFFFE702B040
:107FB00080BD000080B588B0FFE70020079043F641
:107FC0003000C4F20200016841F4800101600068E1
:107FD00000F4800007900798FFE7FFE70020069075
:107FE00043F63000C4F20200016841F40011016060
:107FF000006800F4001006900698FFE70C2000903F
:108000000521039100220492FCF7C6FF0098FCF7BB
:10801000B9FF0399049A39200190FCF7BDFF01983C
:10802000FCF7B0FF0399049A3A200290FCF7B4FFE2
:108030000298FCF7A7FF0399049A45200590FCF7E6
:10804000ABFF0598FCF79EFF08B080BD80B582B0FD
:1080500048F2BD70C0F600004BF2AC02C0F601025F
:10806000002101910FF0BEFA019942F6A402C2F27A
:108070000002106047F2BD40C0F601004AF6C4623B
:10808000C0F601020FF0AEFA019940F21472C2F28A
:108090000002106048F63100C0F601004AF6E862BE
:1080A000C0F601020FF09EFA40F28C71C2F200019C
:1080B000086002B080BD000086B0FFE70020059098
:1080C00043F63000C4F20200016841F00201016091
:1080D000006800F0020005900598FFE7FFE7002028
:1080E000049043F63000C4F20200016841F0400100
:1080F0000160006800F0400004900498FFE7FFE78B
:108100000020039043F63000C4F20200016841F001
:1081100001010160006800F0010003900398FFE78F
:10812000FFE70020029043F63000C4F2020001682D
:1081300041F008010160006800F008000290029818
:10814000FFE7FFE70020019043F63000C4F2020091
:10815000016841F004010160006800F00400019032
:108160000198FFE7FFE70020009043F63000C4F2DB
:108170000200016841F080010160006800F08000A9
:1081800000900098FFE706B07047000080B582B00D
:1081900043F28020C2F20000019041F20001C4F2DB
:1081A000010101604FF47A31416000218160C160BA
:1081B00001610C2242618161C161FFF7CBFB18B103
:1081C000FFE7F8F747FEFFE702B080BD80B582B059
:1081D00043F2C820C2F20000019044F60001C4F24C
:1081E0000001016048F2A061C0F2010141604FF45A
:1081F000805181600021C1604FF4806202610C22D5
:1082000042618161C161FFF7A5FB18B1FFE7F8F793
:1082100021FEFFE702B080BD80B582B043F210308E
:10822000C2F20000019041F20041C4F2010101607C
:108230004FF4E131416000218160C16001610C2295
:1082400042618161C161FFF785FB18B1FFE7F8F773
:1082500001FEFFE702B080BD80B542F6A800C2F281
:10826000000040F2E411C2F20001002202F024F901
:1082700018B1FFE7F8F7EEFDFFE742F6A800C2F2FB
:10828000000040F26031C2F2000102F019FE18B1A4
:10829000FFE7F8F7DFFDFFE742F6A800C2F20000B3
:1082A00040F2FC31C2F2000101F034FB18B1FFE7EB
:1082B000F8F7D0FDFFE742F6A800C2F2000002F096
:1082C00089FF18B1FFE7F8F7C5FDFFE780BD0000A3
:1082D000FFE7FEE7FFE7FEE788B00790069105920B
:1082E000079800F0070004900498C0F107000528E3
:1082F00003D3FFE70420019004E00498C0F10700D5
:108300000190FFE70198039004980430062803D8F1
:10831000FFE70020009003E0049803380090FFE797
:108320000098029006980399012202FA01F101399E
:108330000840029B984005999A40013A1140084331
:1083400008B0704780B542F65450C2F20000FDF705
:108350002FF980BD80B586B005900491059800681E
:108360000390039802900398006C0190029804997E
:1083700000EB4110D0F8080B0090019843F20B017C
:10838000C4F6547188420FD3FFE79DF80100000640
:10839000002809D5FFE70298049900EB41114FF43A
:1083A0000040C1F8080BFFE70598FDF721FF019891
:1083B00043F20B01C4F6547188420DD3FFE70598D0
:1083C0008079012808D1FFE70599086801F29C42ED
:1083D000012103F01FFDFFE7002006B080BD000073
:1083E00080B588B0079006910798006804900498BB
:1083F00003900498006C02900398069900EB4110DA
:10840000D0F8080B019007988079012840F081800E
:10841000FFE79DF804000007002818D5FFE7029841
:1084200043F20B01C4F6547188420FD3FFE79DF865
:1084300005000006002809D5FFE70398069900EB20
:1084400041114FF40040C1F8080BFFE760E09DF8D0
:1084500004008006002808D5FFE70398069900EB82
:1084600041112020C1F8080B51E09DF8040010F0E4
:10847000280F4AD1FFE7029843F20B01C4F654716A
:1084800088420FD3FFE79DF805000006002809D5B4
:10849000FFE70398069900EB41114FF40040C1F843
:1084A000080B31E00798069901EBC10100EB810050
:1084B00000F5157005900598006A0399069A01EB7E
:1084C0004211D1F8101B6FF3DF41401A0599486142
:1084D000069898B9FFE70598006940B9FFE7079942
:1084E000086801F29C42012103F094FC05E0059923
:1084F000C8684A691044C860FFE7FFE707989DF81D
:108500001810FCF7E9FDFFE700E0FFE7FFE7FFE7F2
:1085100047E0029843F20A11C4F65471884224D10C
:10852000FFE79DF805000006002809D5FFE703983E
:10853000069900EB41114FF40040C1F8080B13E01D
:108540009DF804008006002808D5FFE703980699E7
:1085500000EB41112020C1F8080BFFE707989DF8B8
:108560001810FCF7B9FDFFE71AE0069890B9FFE78D
:108570000798069901EBC10100EB8100D0F8640275
:1085800040B9FFE70799086801F29C42002103F017
:1085900041FCFFE707989DF81810FCF79DFDFFE7E9
:1085A000FFE7002008B080BD80B58CB00A9009912B
:1085B0000A9800680890089807900A98099901EBB2
:1085C000C10100EB810014300690069801694069F2
:1085D000884204D9FFE701208DF82F0079E0069941
:1085E00008694969401A0590059806998968884282
:1085F00004D9FFE7069880680590FFE705980330E7
:1086000080080490FFE70798099900EB4110D0F823
:10861000180981B2049A0020914202900FD3FFE71B
:1086200006980269416900209142029007D2FFE753
:1086300006980069002818BF01200290FFE7029801
:10864000C00770B3FFE7069908694969401A0590A9
:10865000059806998968884204D9FFE706988068DA
:108660000590FFE705980330800804900898069964
:10867000C9689DF82420BDF81430DDF828C09CF8A6
:1086800006C0EE46CEF800C004F03AFA059A069904
:10869000C8681044C860059A069948691044486142
:1086A000B1E706990869496988420ED8FFE7099839
:1086B00000F00F01012088400390039A0799D1F838
:1086C00034089043C1F83408FFE700208DF82F00EC
:1086D000FFE79DF82F000CB080BD000000000000F7
:1086E000EFF30980BFF36F8F154B1A681EF0100F60
:1086F00008BF20ED108A20E9F04F10602DE9090035
:108700004FF0500080F31188BFF34F8FBFF36F8F8E
:1087100010F034FC4FF0000080F31188BDE8090030
:1087200019680868B0E8F04F1EF0100F08BFB0ECF1
:10873000108A80F30988BFF36F8F704700BF00BFB6
:108740004C34002000000000000000000000000089
:10875000074B19680868B0E8F04F80F30988BFF349
:108760006F8F4FF0000080F31188704700BF00BF8B
:108770004C34002080B56FF0040000210EF0F6FDAF
:1087800080BD000084B003900398009000980078AA
:10879000ADF8080000980130009000980078ADF81E
:1087A0000600BDF80610BDF8080040EA0120ADF84B
:1087B0000A00BDF80A0004B07047000080B582B01E
:1087C0000190FFE701200EF0A5FEFBE780B54EF219
:1087D0001000CEF20000006811F0ACF9012803D0BF
:1087E000FFE710F0DBFCFFE780BD000080B594B030
:1087F00008A83021F7F740FD00200790069005906B
:1088000004900390FFE70020029043F64000C4F27A
:108810000200016841F080510160006800F0805062
:1088200002900298FFE7FFE70020019047F2000066
:10883000C4F20000016841F480410160006800F466
:10884000804001900198FFE7012008904FF48030AC
:10885000099002200E904FF480010F910621109193
:10886000A821119112900720139008A8FDF724FF6A
:1088700018B1FFE7F8F7EEFAFFE70F2003900220A8
:108880000490002005904FF4A05006904FF48050C3
:10889000079003A80521FDF715FD18B1FFE7F8F7CC
:1088A000D9FAFFE714B080BD4EF68851CEF2000130
:1088B000086840F4700008607047000080B543F21B
:1088C0003820C2F20000FEF731FB80BD83B0029079
:1088D000019102980068009002980021C4F2010101
:1088E000884225D0FFE70298B0F1804F20D0FFE703
:1088F000029840F20041C4F20001884218D0FFE71C
:10890000029840F60001C4F20001884210D0FFE74F
:10891000029840F60041C4F20001884208D0FFE707
:10892000029840F20041C4F2010188420AD1FFE7F7
:10893000009820F07000009001984168009808436A
:108940000090FFE702980021C4F20101884255D04F
:10895000FFE70298B0F1804F50D0FFE7029840F255
:108960000041C4F20001884248D0FFE7029840F677
:108970000001C4F20001884240D0FFE7029840F6AF
:108980000041C4F20001884238D0FFE7029840F26B
:108990000041C4F20101884230D0FFE7029844F25E
:1089A0000001C4F20101884228D0FFE7029844F296
:1089B0000041C4F20101884220D0FFE7029844F64A
:1089C0000001C4F20101884218D0FFE7029841F685
:1089D0000001C4F20001884210D0FFE7029841F67E
:1089E0000041C4F20001884208D0FFE7029842F239
:1089F0000001C4F2000188420AD1FFE7009820F488
:108A0000407000900198C168009808430090FFE70B
:108A1000009820F08000019949690843009001986E
:108A200080680299C8620198006802998862029879
:108A30000021C4F20101884208D0FFE7029840F209
:108A40000041C4F20101884205D1FFE701980069A5
:108A500002990863FFE70299086840F00400086083
:108A600002990120486100980299086003B070479C
:108A700080B582B001900198806B00900099002031
:108A8000C8850098FEF7F0FC02B080BD80B584B0C8
:108A90000390002002900398806B01900198006879
:108AA0004069C0B2C0090290019890F841002128A5
:108AB0000AD1FFE7029838B1FFE701990020C88486
:108AC000019800F05DF9FFE7019800684069C0F384
:108AD00080100290019890F8420022280AD1FFE706
:108AE000029838B1FFE701990020C885019800F08D
:108AF000E9F8FFE70199486C40F0100048640198DC
:108B0000FEF7B2FC04B080BD80B586B00590059834
:108B1000806B0490059800680068C00500285AD44E
:108B2000FFE704990020C885FFE7FFE70498006885
:108B300050E8030F20F480700390FFE70399049836
:108B4000026842E803100028F0D1FFE7FFE7FFE7E3
:108B5000FFE70498006850E8050F20F0010002903C
:108B6000FFE702990498026842E805100028F0D156
:108B7000FFE7FFE7FFE7FFE70498006850E8050F0D
:108B800020F040000190FFE701990498026842E854
:108B900005100028F0D1FFE7FFE70499202081F8B5
:108BA00042000498006B012814D1FFE7FFE7FFE7BC
:108BB0000498006850E8030F20F010000090FFE7D1
:108BC00000990498026842E803100028F0D1FFE7FA
:108BD000FFE7FFE7FFE70499002048630498006B74
:108BE000012805D1FFE70498818DFEF727FB03E0FC
:108BF0000498FFF7B3F8FFE706B080BD80B582B0F8
:108C000001900198806B00900099012048630098C2
:108C1000006B012806D1FFE70098818D4908FEF717
:108C20000DFB03E00098FFF79DF8FFE702B080BD61
:108C300080B584B003900398806B0290039800681D
:108C40000068C00500282AD4FFE702990020C884E4
:108C5000FFE7FFE70298006850E8050F20F080006A
:108C60000190FFE701990298026842E80510002888
:108C7000F0D1FFE7FFE7FFE7FFE70298006850E861
:108C8000030F40F040000090FFE70099029802684F
:108C900042E803100028F0D1FFE7FFE703E0029865
:108CA000FFF7E2F8FFE704B080BD000080B582B0B6
:108CB00001900198806B00900098FFF7E7F802B0F0
:108CC00080BD000084B00390FFE7FFE703980068D1
:108CD00050E8030F20F490700290FFE70299039888
:108CE000026842E803100028F0D1FFE7FFE7FFE742
:108CF000FFE70398006850E8050F20F0010001909D
:108D0000FFE701990398026842E805100028F0D1B6
:108D1000FFE7FFE70398006B012814D1FFE7FFE7A7
:108D2000FFE70398006850E8030F20F01000009060
:108D3000FFE700990398026842E803100028F0D189
:108D4000FFE7FFE7FFE70399202081F8420003993E
:108D50000020086304B0704780B582B0019001988C
:108D60000168C86820F04000C8600199202081F89F
:108D700041000198FFF778F8002002B080BD0000A4
:108D800082B00190FFE7FFE70198006850E8030F09
:108D900020F0C0000090FFE700990198026842E8C7
:108DA00003100028F0D1FFE7FFE70199202081F8A8
:108DB000410002B07047000080B586B004900020EA
:108DC00003900290049890F84200222840F0A0807E
:108DD000FFE704988068B0F5805F13D1FFE704983F
:108DE000006978B9FFE70498806A029004980068E7
:108DF00040686FF35F20029908800499886A023006
:108E0000886223E00498806A039004988068B0F533
:108E1000805F08D0FFE70498806850B9FFE70498A6
:108E2000006930B9FFE7049800684068039908704A
:108E300007E004980068406800F07F00039908701C
:108E4000FFE70499886A01308862FFE70499C88DBA
:108E50000138C8850004002856D1FFE7049801684E
:108E6000C86820F02000C86004980168C86820F431
:108E70008070C86004980168486920F0010048616A
:108E80000499202081F84200049900204863049846
:108E9000006B012830D1FFE7049900200863FFE749
:108EA000FFE70498006850E8030F20F010000190DD
:108EB000FFE701990498026842E803100028F0D106
:108EC000FFE7FFE7049800680068C00600280ED599
:108ED000FFE7FFE70020009004980068006800901A
:108EE00004980068406800900098FFE7FFE7049846
:108EF000818DFEF7A3F903E00498FEF72FFFFFE74B
:108F000000208DF8170007E000208DF8170003E01F
:108F100002208DF81700FFE79DF8170006B080BD0E
:108F200080B586B0059005980068006920F440502F
:108F3000059A1168D26810430861059988680B6921
:108F40004A69C969184310430843049005980068AA
:108F5000C06849F20C61884304990843059909687F
:108F6000C86005980068406920F44070059A11684F
:108F70009269104348610598006841F20001C4F20B
:108F80000101884209D0FFE70598006841F20041DD
:108F9000C4F20101884204D1FFE7FDF707FB03900B
:108FA00003E0FDF7F1FA0390FFE70598C069B0F51B
:108FB000004F29D1FFE703981921A0FB0101059A71
:108FC0001368029353685A00DB0FF7F7FDF8029914
:108FD000864648F21F53C5F2EB13AEFB032042094D
:108FE00010014FF0640C02FB1CEC322202EBCC02AD
:108FF000A2FB0332F82303EA521300EB4300C2F34F
:1090000042121044886026E003981921A0FB010158
:10901000059A1368019353689A009B0FF7F7D4F8E9
:109020000199844648F21F52C5F2EB12ACFB0230A4
:109030004309642003FB10CC322000EB0C10A0FB92
:109040000202F02000EA521000EB0310C2F34312B8
:1090500010448860FFE706B080BD000080B58AB08C
:1090600008900791ADF81A20079808998862BDF812
:109070001A0008998885089900204864089A2221D6
:1090800082F842100899CA6B48F60931C0F600010F
:10909000D1630899CA6B48F6FD31C0F6000111642E
:1090A0000899CA6B48F68D21C0F60001D164089971
:1090B000C96B086507A8059008980168C06B043162
:1090C000059A1268BDF81A30FBF728FC58B1FFE783
:1090D0000899102048640899202081F84200012056
:1090E0008DF827004EE0FFE7002004900898006804
:1090F0000068049008980068406804900498FFE7AE
:1091000008980069A0B1FFE7FFE7FFE7089800684B
:1091100050E8030F40F480700390FFE7039908982C
:10912000026842E803100028F0D1FFE7FFE7FFE7FD
:10913000FFE7FFE70898006850E8050F40F00100DE
:109140000290FFE702990898026842E8051000289B
:10915000F0D1FFE7FFE7FFE7FFE70898006850E876
:10916000050F40F040000190FFE701990898026860
:1091700042E805100028F0D1FFE7FFE700208DF856
:109180002700FFE79DF827000AB080BD83B001905B
:10919000019890F8410021283AD1FFE701988068B2
:1091A000B0F5805F13D1FFE70198006978B9FFE758
:1091B0000198006A0090009800886FF35F20019981
:1091C000096848600199086A0230086208E0019A5B
:1091D000106A411C11620078019909684860FFE734
:1091E0000199C88C0138C884000468B9FFE7019868
:1091F0000168C86820F08000C86001980168C868EC
:1092000040F04000C860FFE700208DF80B0003E04D
:1092100002208DF80B00FFE79DF80B0003B07047AC
:1092200080B543F28020C2F20000FEF765F980BDF0
:1092300080B543F2C820C2F20000FEF75DF980BDA0
:1092400080B543F21030C2F20000FEF755F980BD40
:1092500080B586B004908DF80F100498D0F8C8023D
:1092600001900498D0F8D41200EB8100D0F8C0022D
:1092700020B9FFE703208DF817005FE00498D0F8CD
:10928000D41200EB8100D0F8C002029004989DF83F
:109290000F1001F00F0101EB810100EB81008069EB
:1092A00040B3FFE704989DF80F1001F00F0101EBA8
:1092B000810200EB82008269019801EBC10100EBA1
:1092C0008100C169B2FBF1F000FB112090B9FFE70A
:1092D00004989DF80F1001F00F0101EB810100EBE4
:1092E00081000023836104989DF80F101A4601F055
:1092F00093FD1FE002990020C1F814020498D0F8F1
:10930000D41200EB8100D0F8C402006988B1FFE7F5
:109310000498D0F8D41200EB8100D0F8C40203699D
:109320000299D1F8080201F504719DF80F209847C1
:10933000FFE7FFE700208DF81700FFE79DF8170013
:1093400006B080BD80B584B002908DF807100298F9
:10935000D0F8D41200EB8100D0F8C002009002983F
:10936000D0F8D41200EB8100D0F8C00220B9FFE79A
:1093700003208DF80F0019E002989DF8071001F006
:10938000D5FA0099C1F80C020298D0F8D41200EB7B
:109390008100D0F8C402C2680099D1F8040201F536
:1093A0000371904700208DF80F00FFE79DF80F0034
:1093B00004B080BD80B586B005908DF81310059877
:1093C00040F23101C2F200010091097801F0C8F8C1
:1093D00000990598097801F00F0101EB810100EB7C
:1093E0008101002003908884059840F23201C2F286
:1093F00000010191097801F0B3F8019A03980599E9
:10940000127802F00F0202EB820201EB8201A1F856
:109410006401059840F23001C2F20001029109781E
:1094200001F09EF8029A03980599137803F00F0350
:1094300003EB830301EB830188840599127802F022
:109440000F0202EB820201EB8201C8840598D0F87A
:10945000D41200EB8100D0F8C002F0B1FFE705980C
:10946000D0F8D41200EB8100D0F8C40240688047E5
:109470000598D0F8D41200EB8100D0F8C00202F0B9
:1094800067F90598D0F8D41200EB81010020C1F8EB
:10949000C0020599C1F8BC02FFE7002006B080BDFC
:1094A00080B584B002900298D0F8D41200EB81000D
:1094B000D0F8C0020190019820B9FFE703208DF891
:1094C0000F0025E00298D0F8D41200EB8100D0F80C
:1094D000C402C8B1FFE7019890F80002FF2813D03A
:1094E000FFE70298D0F8D41200EB8100D0F8C40254
:1094F0008368019991F8000291F801229847019937
:10950000FF2081F80002FFE700208DF80F00FFE741
:109510009DF80F0004B080BD81B0009000990A2032
:10952000088040F2DC30C2F2000001B07047000059
:1095300080B586B0059040F29830C2F200000190EC
:10954000822100F095FE014601980491012100F06E
:109550008FFE014601980391812100F089FE02905F
:10956000049820B1FFE7049910208871FFE7039861
:1095700020B1FFE7039940208880FFE7029820B1DF
:10958000FFE7029940208880FFE705994320088083
:1095900040F29830C2F2000006B080BD80B586B0BF
:1095A000059040F29830C2F200000190822100F054
:1095B0005FFE014601980491012100F059FE014629
:1095C00001980391812100F053FE0290049820B18C
:1095D000FFE7049910208871FFE7039828B1FFE79F
:1095E00003994FF400708880FFE7029828B1FFE7E5
:1095F00002994FF400708880FFE7059943200880A6
:1096000040F29830C2F2000006B080BD80B586B04E
:10961000059040F29830C2F200000190822100F0E3
:1096200027FE014601980491012100F021FE014628
:1096300001980391812100F01BFE0290049820B153
:10964000FFE7049910208871FFE7039820B1FFE736
:10965000039940208880FFE7029820B1FFE7029934
:1096600040208880FFE705994320088040F2983029
:10967000C2F2000006B080BD80B590B00E908DF8AB
:1096800037104FF4077002F067F80C900C9860B92F
:10969000FFE70E98D0F8D41200EB81010020C1F84A
:1096A000C00202208DF83F00F0E00C984FF40771E3
:1096B000F6F7E2FD0C980E99D1F8D42201EB820165
:1096C000C1F8C0020E99D1F8D40201EB8000D0F8A5
:1096D000C002C1F8BC020E98007C002840D1FFE710
:1096E0000E9840F23101C2F200010791097802227E
:1096F00008924FF40073099301F004FA0799089A4D
:10970000099B0E98097801F00F0101EB810100EB34
:10971000810101200B9088840E9840F23201C2F240
:1097200000010A91097801F0EDF90A9A0B980E9957
:10973000127802F00F0202EB820201EB8201A1F823
:1097400064010E9840F23001C2F20001097801F084
:109750000F0101EB810100EB81011020C8843EE084
:109760000E9840F23101C2F2000102910978022202
:1097700003924023049301F0C5F90299039A049BD4
:109780000E98097801F00F0101EB810100EB8101D6
:109790000120069088840E9840F23201C2F2000146
:1097A0000591097801F0AEF9059A06980E9912789C
:1097B00002F00F0202EB820201EB8201A1F86401C8
:1097C0000E9840F23001C2F20001097801F00F0159
:1097D00001EB810100EB81011020C884FFE70E98A6
:1097E00040F23001C2F200010091097803220823FF
:1097F00001F088F900990E98097801F00F0101EB4A
:10980000810100EB8101012088840C9900200190E6
:10981000C1F804020E98D0F8D41200EB8100D0F801
:10982000C4020068804701980C99C1F814020C9991
:10983000C1F818020C98D0F8040220B9FFE7022002
:109840008DF83F0022E00E98007C70B9FFE70E987B
:1098500040F23201C2F2000109780C9AD2F80422D7
:109860004FF4007301F074F90CE00E9840F23201ED
:10987000C2F2000109780C9AD2F80422402301F0C8
:1098800067F9FFE700208DF83F00FFE79DF83F00F4
:1098900010B080BD80B584B002900298D0F8D41288
:1098A00000EB8100D0F8C00201900298D0F8D412E9
:1098B00000EB8100D0F8C00220B9FFE703208DF84B
:1098C0000F0022E00298007C70B9FFE7029840F296
:1098D0003201C2F200010978019AD2F804224FF451
:1098E000007301F035F90CE0029840F23201C2F247
:1098F00000010978019AD2F80422402301F028F9E6
:10990000FFE700208DF80F00FFE79DF80F0004B07F
:1099100080BD000083B001900091009820B9FFE75E
:1099200003208DF80B000BE000980199D1F8D422A8
:1099300001EB8201C1F8C40200208DF80B00FFE7A3
:109940009DF80B0003B0704784B00290019102981B
:10995000D0F8D41200EB8100D0F8C002009000983B
:1099600020B9FFE703208DF80F0007E00198009968
:10997000C1F8040200208DF80F00FFE79DF80F00EA
:1099800004B0704785B00390029101920398D0F81B
:10999000D41200EB8100D0F8C0020090009820B9EA
:1099A000FFE703208DF813000BE002980099C1F83F
:1099B000080201980099C1F8100200208DF81300E8
:1099C000FFE79DF8130005B07047000080B58AB02E
:1099D000089007910898D0F8D41200EB8100D0F8D5
:1099E000C002069000208DF81500ADF812008DF829
:1099F0001100069820B9FFE703208DF82700C7E083
:109A00000798007800F060000146039100285ED0BE
:109A1000FFE70398202840F0AE80FFE70798C08852
:109A2000002846D0FFE7079800780006002823D5D5
:109A3000FFE70898D0F8D41200EB8100D0F8C402F8
:109A40008368079A50780699D28898470798C08803
:109A5000082803D3FFE70720029003E00798C08897
:109A60000290FFE70298ADF8160008980699BDF835
:109A7000162000F07BF91BE007984078069981F8E2
:109A800000020798C0883F2804D8FFE70798C088DD
:109A9000019002E040200190FFE70198069981F8CB
:109AA00001020898069991F8012200F031F9FFE7C8
:109AB0000CE00898D0F8D41200EB8100D0F8C40272
:109AC00083680799487800229847FFE75BE007988A
:109AD0004078014600910B2844D80099DFE801F056
:109AE000064142424242424242421C32089890F8A9
:109AF0009C02032807D1FFE708980DF1120102220A
:109B000000F034F907E00898079900F0F3F8032013
:109B10008DF81100FFE72DE0089890F89C020328CB
:109B200007D1FFE708980DF11501012200F01EF999
:109B300007E00898079900F0DDF803208DF8110080
:109B4000FFE717E0089890F89C02032808D0FFE789
:109B50000898079900F0CEF803208DF81100FFE770
:109B600008E007E00898079900F0C4F803208DF892
:109B70001100FFE707E00898079900F0BBF8032001
:109B80008DF81100FFE79DF811008DF82700FFE721
:109B90009DF827000AB080BD80B584B0029002987D
:109BA000D0F8D41200EB8100D0F8C002019001205F
:109BB0008DF80300019820B9FFE703208DF80F000E
:109BC0002AE00198D0F8140208BBFFE701990120B0
:109BD000C1F814020198D0F81002029A40F2310143
:109BE000C2F200010B7803F00F0303EB830302EBD7
:109BF0008302906102980978019BD3F80822D3F878
:109C0000103201F009F900208DF80300FFE79DF8FC
:109C100003008DF80F00FFE79DF80F0004B080BD32
:109C200080B582B001908DF8031000208DF80200FD
:109C30000198D0F8B8124A689DF80310904720B1F7
:109C4000FFE703208DF80200FFE79DF8020002B055
:109C500080BD000080B582B001900091019890F81D
:109C60009C02013802280ED8FFE70098408801289E
:109C700008D1FFE701990020C1F8A402019800F083
:109C80008FF8FFE704E00198009900F033F8FFE750
:109C900002B080BD82B001908DF80310002002B0A8
:109CA0007047000082B001908DF80310002002B0D0
:109CB0007047000080B584B0039002910192039830
:109CC000029A019B0021009100F042FF009804B02D
:109CD00080BD000080B584B003900291019203988A
:109CE000029A019B0021009101F096F8009804B0BF
:109CF00080BD000080B582B0019000910198802164
:109D000001F03CF80198002101F038F802B080BD64
:109D100080B584B003900291019203990320C1F8A9
:109D2000940201980399C1F8580101980399C1F868
:109D30005C010398029A019B0021009100F008FF4A
:109D4000009804B080BD000080B582B001900199F8
:109D50000520C1F8940201980023009319461A4681
:109D600000F0F6FE009802B080BD000080B584B01F
:109D700003900291019203990220C1F89402019884
:109D80000399886101980399C8610398029A019B1D
:109D90000021009101F040F8009804B080BD00005F
:109DA00080B582B0019001990420C1F89402019815
:109DB0000023009319461A4601F02EF8009802B0CD
:109DC00080BD000080B582B08DF8070000919DF83D
:109DD000070060B9FFE7009A4BF23410C0F60100AB
:109DE00040F2CC71C2F2000100F0DEFA0BE0009A02
:109DF0004BF23410C0F6010040F2CC71C2F2000107
:109E000000F0D2FAFFE740F2CC70C2F2000002B0DC
:109E100080BD000082B08DF80700009100991220EB
:109E2000088040F2E830C2F2000002B07047000043
:109E300080B582B08DF8070000919DF8070060B9E9
:109E4000FFE7009A4BF22610C0F6010040F2CC71F9
:109E5000C2F2000100F0A8FA0BE0009A4BF22610C3
:109E6000C0F6010040F2CC71C2F2000100F09CFA91
:109E7000FFE740F2CC70C2F2000002B080BD0000EB
:109E800082B08DF80700009100990420088040F20C
:109E90001040C2F2000002B07047000080B584B0EC
:109EA0008DF80F000291029A4BF23F10C0F60100AC
:109EB00040F2CC71C2F20001019100F075FA0198F4
:109EC00004B080BD80B582B08DF8070000919DF888
:109ED000070060B9FFE7009A4BF25210C0F601008C
:109EE00040F2CC71C2F2000100F05EFA0BE0009A81
:109EF0004BF25210C0F6010040F2CC71C2F20001E8
:109F000000F052FAFFE740F2CC70C2F2000002B05B
:109F100080BD000080B582B08DF8070000910099E7
:109F20001A200880F6F79AFF40F21440C2F20000AF
:109F300002B080BD80B584B0039002910298C088C1
:109F4000012805D0FFE703980299FFF7D3FE21E02F
:109F5000039890F89C12481E0191022804D3FFE751
:109F6000019803280AD00FE0039900208860039825
:109F700000F108010122FFF7F9FE0AE00398011D34
:109F80000122FFF7F3FE04E003980299FFF7B2FE07
:109F9000FFE7FFE704B080BD80B588B00790069169
:109FA0000020ADF8160004908DF80F000698C078D8
:109FB000013801460291062800F21E810299DFE86D
:109FC00011F0070011002E001B011B01E800000129
:109FD0000798D0F8B4120A68007C0DF1160190477A
:109FE000049013E10798007C60B9FFE70798D0F868
:109FF000B802816A0DF11600884704900499022086
:10A0000048700BE00798D0F8B802C16A0DF116004D
:10A0100088470490049902204870FFE7F6E006980C
:10A02000807801460191052800F2A8800199DFE8B7
:10A0300001F0031E39546F8A0798D0F8B4024068C3
:10A0400050B1FFE70798D0F8B4124A68007C0DF1D0
:10A0500016019047049009E007980699FFF74AFE19
:10A060009DF80F0001308DF80F00FFE790E0079892
:10A07000D0F8B402806850B1FFE70798D0F8B41266
:10A080008A68007C0DF116019047049009E007985A
:10A090000699FFF72FFE9DF80F0001308DF80F0095
:10A0A000FFE775E00798D0F8B402C06850B1FFE749
:10A0B0000798D0F8B412CA68007C0DF116019047D9
:10A0C000049009E007980699FFF714FE9DF80F0029
:10A0D00001308DF80F00FFE75AE00798D0F8B4027E
:10A0E000006950B1FFE70798D0F8B4120A69007C04
:10A0F0000DF116019047049009E007980699FFF7C3
:10A10000F9FD9DF80F0001308DF80F00FFE73FE0EB
:10A110000798D0F8B402406950B1FFE70798D0F82B
:10A12000B4124A69007C0DF116019047049009E0D1
:10A1300007980699FFF7DEFD9DF80F0001308DF8B6
:10A140000F00FFE724E00798D0F8B402806950B10F
:10A15000FFE70798D0F8B4128A69007C0DF1160168
:10A160009047049009E007980699FFF7C3FD9DF812
:10A170000F0001308DF80F00FFE709E007980699FE
:10A18000FFF7B8FD9DF80F0001308DF80F00FFE7D5
:10A190003CE00798007C48B9FFE70798D0F8B80280
:10A1A000416B0DF116008847049009E00798069965
:10A1B000FFF7A0FD9DF80F0001308DF80F00FFE7BD
:10A1C00024E00798007C60B9FFE70798D0F8B80250
:10A1D000016B0DF116008847049004990720487020
:10A1E00009E007980699FFF785FD9DF80F000130FB
:10A1F0008DF80F00FFE709E007980699FFF77AFD51
:10A200009DF80F0001308DF80F00FFE79DF80F005B
:10A2100008B1FFE72AE00698C08818B3FFE7BDF849
:10A220001600C8B1FFE7BDF816000699C988884234
:10A2300004DAFFE7BDF81600009003E00698C08836
:10A240000090FFE70098ADF8160007980499BDF854
:10A250001620FFF78BFD04E007980699FFF74AFDEB
:10A26000FFE703E00798FFF79BFDFFE708B080BD1D
:10A2700080B586B005908DF8131005980390059869
:10A28000029000200190029948880978884227DDD1
:10A29000FFE702980078ADF80200FFE7BDF8020082
:10A2A0000299498888421ADAFFE703980DF1020102
:10A2B00000F034F803900398407805280ED1FFE7AA
:10A2C00003980190019880789DF81310884201D17D
:10A2D000FFE704E000200190FFE7FFE7DEE7FFE78C
:10A2E000019806B080BD000083B0029000208DF878
:10A2F000070002980090FFE70098007848B1FFE758
:10A300009DF8070001308DF807000098013000909B
:10A31000F2E79DF8070003B07047000083B0029099
:10A3200001910298009000980278019908881044E1
:10A33000088002980099097808440090009803B0BA
:10A340007047000080B582B001900091019890F8AC
:10A350009C02013802281FD8FFE70098C088022815
:10A3600005D0FFE701980099FFF7C4FC19E00199B7
:10A370000120C8600198D0F8A40230B1FFE701992C
:10A38000C86840F00200C860FFE7019800F10C01C6
:10A390000222FFF7EBFC04E001980099FFF7AAFC0A
:10A3A000FFE702B080BD000080B586B00590049143
:10A3B000039200208DF80B00059808B9FFE74FE0E5
:10A3C000059801900198FFF78FFF0146022000EBEE
:10A3D0004100B0F5007F04D9FFE74FF40070009012
:10A3E00008E00198FFF780FF0146022000EB4100E2
:10A3F0000090FFE70098039908800398007804997B
:10A400009DF80B2088549DF80B0001308DF80B004F
:10A4100004999DF80B20032088549DF80B0001300F
:10A420008DF80B00FFE701980078C8B1FFE70198AD
:10A43000007804999DF80B20885401980130019010
:10A440009DF80B0001308DF80B0004999DF80B204E
:10A45000002088549DF80B0001308DF80B00E2E7D6
:10A4600006B080BD82B08DF8070000208DF8060090
:10A470009DF8070001460091032814D80099DFE8F1
:10A4800001F002060A0E00208DF806000FE00320FE
:10A490008DF806000BE001208DF8060007E0032090
:10A4A0008DF8060003E003208DF80600FFE79DF815
:10A4B000060002B07047000080B584B002900191A0
:10A4C0008DF80320029820B9FFE703208DF80F00D4
:10A4D00023E002990020C1F8B8020299C1F8C40231
:10A4E0000299C1F8D002019828B1FFE701980299BA
:10A4F000C1F8B402FFE70299012081F89C029DF89F
:10A50000030002990870029800F01EFA8DF802000C
:10A510009DF802008DF80F00FFE79DF80F0004B0D2
:10A5200080BD000080B582B001908DF8031000203E
:10A530008DF802008DF801000198D0F8C8029DF84E
:10A540000310FAF76BFE8DF802009DF80200FFF78A
:10A5500089FF8DF801009DF8010002B080BD000068
:10A5600080B582B001908DF8031000208DF80200B4
:10A570008DF801000198D0F8C8029DF80310FAF791
:10A58000F9FD8DF802009DF80200FFF76BFF8DF8D2
:10A5900001009DF8010002B080BD000080B588B0C8
:10A5A00006908DF8171004929DF81700002874D1BA
:10A5B000FFE70698143003900698D0F8940202281A
:10A5C0005DD1FFE703998868C968884212D9FFE71F
:10A5D00003998868CA68801A886006980499039A63
:10A5E0009268FFF777FB0698002319461A4600F099
:10A5F000AFFA43E003988168C06888421ED1FFE744
:10A6000003994868C968884218D3FFE703984068EF
:10A610000699D1F89812884210D2FFE706980022D6
:10A6200001921146FFF756FB019B0698C0F898323D
:10A63000069819461A4600F08BFA1EE0069890F824
:10A640009C02032811D1FFE70698D0F8B802C06831
:10A6500050B1FFE706990020C1F8D4020698D0F85F
:10A66000B812C9688847FFE7FFE70698802100F025
:10A6700085FB0698FFF768FBFFE7FFE7FFE7069813
:10A6800090F8A00240B1FFE7069800F053FC06994D
:10A69000002081F8A002FFE740E006989DF817101F
:10A6A00041F08001FFF7F6FA8DF80A009DF80A00E4
:10A6B000FF2832D0FFE79DF80A0070BBFFE706983D
:10A6C00090F89C02032827D1FFE706989DF80A100E
:10A6D00000EB8100D0F8B8024069E0B1FFE79DF8D7
:10A6E0000A000699C1F8D40206989DF80A1000EBFA
:10A6F0008101D1F8B8124A699DF8171090478DF87A
:10A700000B009DF80B0028B1FFE79DF80B008DF8BA
:10A710001F0007E0FFE7FFE7FFE7FFE700208DF8F6
:10A720001F00FFE79DF81F0008B080BD80B58AB00C
:10A7300008908DF81F10069200208DF813009DF8E8
:10A740001F00002840F08280FFE7089800F5AA70FB
:10A7500005900898D0F89402032876D1FFE7059970
:10A760008868C96888421DD9FFE705998868CA6862
:10A77000801A886008980290069803900599886866
:10A78000C968884204D2FFE705988068019003E019
:10A790000598C0680190FFE703990298019AFFF7B6
:10A7A00089FA51E0089890F8AA0200F01F000146CB
:10A7B000009140B1FFE70098012808D0FFE700981A
:10A7C00002280CD013E000208DF8120013E0089846
:10A7D00090F8AE12FFF766FA8DF812000BE00898B9
:10A7E00090F8AE12FFF756FA8DF8120003E0002041
:10A7F0008DF81200FFE79DF8120008BBFFE70898EC
:10A8000090F89C0203281AD1FFE708989DF81210CF
:10A8100000EB8100D0F8B802006978B1FFE79DF83D
:10A8200012000899C1F8D40208989DF8121000EBA4
:10A830008101D1F8B81209698847FFE7FFE7FFE710
:10A840000898FFF7ADFAFFE7FFE740E008989DF8AA
:10A850001F1001F07F01FFF71DFA8DF812009DF81F
:10A860001200FF2832D0FFE79DF8120070BBFFE70F
:10A87000089890F89C0203281ED1FFE708989DF8DD
:10A88000121000EB8100D0F8B802806998B1FFE7A0
:10A890009DF812000899C1F8D40208989DF812108A
:10A8A00000EB8101D1F8B8128A699DF81F1090471A
:10A8B0008DF81300FFE7FFE79DF8130028B1FFE7CD
:10A8C0009DF813008DF8270005E0FFE7FFE7002063
:10A8D0008DF82700FFE79DF827000AB080BD000033
:10A8E00081B00090002001B07047000080B582B0B8
:10A8F000019000208DF803000199012081F89C024D
:10A900000198D0F8B80268B1FFE70198D0F8B81202
:10A910004A680179904720B1FFE703208DF80300D2
:10A92000FFE7FFE79DF8030002B080BD80B582B06D
:10A9300001908DF803100198D0F8C8029DF803101B
:10A94000FAF7D0FC02B080BD80B584B003900398C4
:10A950000078A8BBFFE7039942F65450C2F200000A
:10A960000290C0F8E0140399C1F8C8024FF0A0416A
:10A970000160042101710222C271002181714272C1
:10A980008172C17201738173C173FBF74BFA18B105
:10A99000FFE7F6F75FFAFFE742F65450C2F2000015
:10A9A000019080210091FAF71FFB019800214022BD
:10A9B000FAF726FB009A01980121FAF721FBFFE73D
:10A9C000002004B080BD000084B002908DF8071014
:10A9D0000298D0F8C80200909DF8070000060028F1
:10A9E0000DD5FFE700989DF8071001F07F0101EBFE
:10A9F000C10100EB8100807D8DF80F000DE0009813
:10AA00009DF8071001F07F0101EBC10100EB81000F
:10AA100090F856028DF80F00FFE79DF80F0004B084
:10AA20007047000080B584B002908DF8071002983E
:10AA3000D0F8D41200EB8100D0F8B80220B9FFE7BB
:10AA400003208DF80F0020E0029890F89C02032864
:10AA500017D1FFE70298D0F8D41200EB8100D0F8AC
:10AA6000B802006A60B1FFE70298D0F8D41200EB98
:10AA70008101D1F8B8120A6A9DF807109047FFE7E4
:10AA8000FFE700208DF80F00FFE79DF80F0004B0EE
:10AA900080BD000080B584B002908DF80710029848
:10AAA000D0F8D41200EB8100D0F8B80220B9FFE74B
:10AAB00003208DF80F0020E0029890F89C020328F4
:10AAC00017D1FFE70298D0F8D41200EB8100D0F83C
:10AAD000B802406A60B1FFE70298D0F8D41200EBE8
:10AAE0008101D1F8B8124A6A9DF807109047FFE734
:10AAF000FFE700208DF80F00FFE79DF80F0004B07E
:10AB000080BD000080B584B003908DF80B108DF8E7
:10AB10000A20ADF8083000208DF807008DF80600F7
:10AB20000398D0F8C8029DF80B10BDF808209DF8D6
:10AB30000A30FAF7E9FB8DF807009DF80700FFF7E8
:10AB400091FC8DF806009DF8060004B080BD000061
:10AB500080B586B005908DF8131003920293002003
:10AB60008DF807008DF806000598D0F8C8029DF80A
:10AB70001310039A029BFAF73FFC8DF807009DF82B
:10AB80000700FFF76FFC8DF806009DF8060006B081
:10AB900080BD000080B586B0059000208DF81300C0
:10ABA000059A012182F89C120599C1F89402059931
:10ABB00048600599C1F8A402059981F8A00205989A
:10ABC000D0F8B802A0B1FFE70598D0F8B802406805
:10ABD00068B1FFE70598D0F8B8124A680179904744
:10ABE00020B1FFE703208DF81300FFE7FFE7FFE741
:10ABF000059800220192402303931146FFF782FF3C
:10AC0000019A039B059901200290A1F8640105981F
:10AC1000C0F8603105988021FFF774FF029903980E
:10AC2000059A9184059908629DF8130006B080BDCD
:10AC300081B00090009890F89C02042807D1FFE7AB
:10AC4000009890F89D02009981F89C02FFE700208F
:10AC500001B0704780B582B00190019890F89C02D5
:10AC6000032813D1FFE70198D0F8B80268B1FFE7D5
:10AC70000198D0F8B802C06930B1FFE70198D0F868
:10AC8000B812C9698847FFE7FFE7FFE7002002B075
:10AC900080BD000082B001908DF803109DF8030084
:10ACA00001990874002002B07047000080B582B09E
:10ACB00001908DF8031000208DF802008DF801003E
:10ACC0000198D0F8C8029DF80310FBF763FA8DF8DD
:10ACD00002009DF80200FFF7C5FB8DF801009DF80A
:10ACE000010002B080BD000080B584B003900291E5
:10ACF000039800F2AA20029900F0B0F8039901200D
:10AD0000C1F894020399B1F8B002C1F8980203980F
:10AD100090F8AA0200F01F000146009140B1FFE741
:10AD2000009801280CD0FFE70098022810D017E007
:10AD3000039800F2AA2100F055FA8DF8070019E0F7
:10AD4000039800F2AA2100F089FC8DF8070011E0B9
:10AD5000039800F2AA2100F0ABFA8DF8070009E091
:10AD6000039890F8AA1201F0800100F007F88DF81E
:10AD70000700FFE79DF8070004B080BD80B582B0F2
:10AD800001908DF8031000208DF802008DF801006D
:10AD90000198D0F8C8029DF80310FAF763FB8DF80C
:10ADA00002009DF80200FFF75DFB8DF801009DF8A1
:10ADB000010002B080BD000080B582B0019000208B
:10ADC0008DF803008DF802000198D0F8C802FBF757
:10ADD0001BFA8DF803009DF80300FFF743FB8DF885
:10ADE00002009DF8020002B080BD000081B000901A
:10ADF000009890F89C02042807D0FFE7009890F88C
:10AE00009C02009981F89D02FFE70099042081F8D7
:10AE10009C02002001B0704780B586B005908DF887
:10AE200013100392029300208DF807008DF806009E
:10AE30000598D0F8C8029DF81310039A029BFAF700
:10AE400081FB8DF807009DF80700FFF70BFB8DF8DD
:10AE500006009DF8060006B080BD000080B584B0F5
:10AE6000039002910298019001980078039908706C
:10AE70000198013001900198007803994870019879
:10AE8000013001900198FDF77DFC039948800198FD
:10AE9000013001900198013001900198FDF772FC9A
:10AEA0000399888001980130019001980130019048
:10AEB0000198FDF767FC0399C88004B080BD0000CD
:10AEC00080B584B0029001910020ADF80200019895
:10AED00020B9FFE703208DF80F0026E001980299C2
:10AEE000C1F8B8020298D0F8D41200EB8100D0F873
:10AEF000B802C06A78B1FFE70298D0F8D41200EB2C
:10AF00008100D0F8B802C16A0DF1020088470299A9
:10AF1000C1F8D002FFE70299D1F8D8020130C1F898
:10AF2000D80200208DF80F00FFE79DF80F0004B055
:10AF300080BD000081B00090002001B0704700008B
:10AF400080B584B00390029102988088B8BBFFE777
:10AF50000298C08898BBFFE7029840887F282ED8C7
:10AF6000FFE70298807800F07F008DF807000398D3
:10AF700090F89C02032805D1FFE703980299FEF799
:10AF8000B9FE1BE09DF80700039981F89E02039823
:10AF90009DF80710FFF78AFE0398FEF701FF9DF862
:10AFA000070028B1FFE70399022081F89C0204E022
:10AFB0000399012081F89C02FFE7FFE704E0039872
:10AFC0000299FEF797FEFFE704B080BD80B582B01E
:10AFD00001908DF8031000208DF802000198D0F840
:10AFE000B80250B1FFE70198D0F8B8120A689DF88E
:10AFF000031090478DF80200FFE79DF8020002B0B1
:10B0000080BD000080B586B00490039100208DF8CB
:10B010000B000398817840F2C870C2F20000017002
:10B020000078022808D3FFE704980399FEF762FE30
:10B0300003208DF81700A0E0049890F89C020146C8
:10B040000191022804D0FFE7019803282FD07FE068
:10B0500040F2C870C2F20000007818B3FFE740F277
:10B06000C871C2F200010878049A50600498097807
:10B07000FFF7ACFF8DF80B009DF80B0048B1FFE720
:10B0800004980399FEF736FE0499022081F89C0289
:10B0900007E00498FEF784FE0499032081F89C02DF
:10B0A000FFE703E00498FEF77BFEFFE760E040F275
:10B0B000C870C2F20000007898B9FFE70499022036
:10B0C00081F89C0240F2C871C2F200010878049A2B
:10B0D000506004980978FEF7A3FD0498FEF760FE1F
:10B0E00035E040F2C870C2F2000000780499496867
:10B0F000884227D0FFE704980179FEF791FD40F2DE
:10B10000C871C2F200010878049A50600498097866
:10B11000FFF75CFF8DF80B009DF80B0068B1FFE7AF
:10B1200004980399FEF7E6FD04980179FEF778FD8F
:10B130000499022081F89C0203E00498FEF730FE97
:10B14000FFE703E00498FEF72BFEFFE7FFE70FE0C1
:10B1500004980399FEF7CEFD049840F2C871C2F23C
:10B1600000010978FEF75CFD03208DF80B00FFE776
:10B170009DF80B008DF81700FFE79DF8170006B04B
:10B1800080BD000080B582B0019000910098408899
:10B19000012808D1FFE701990120C1F8A402019814
:10B1A000FEF7FEFD13E000984088022809D1FFE772
:10B1B00000984079019981F8A0020198FEF7F0FD0E
:10B1C00004E001980099FEF795FDFFE7FFE702B064
:10B1D00080BD000080B582B001900198FFF7ECFDC2
:10B1E00002B080BD80B586B00590049100208DF836
:10B1F0000F000498007800F0600001460291A8B1A9
:10B20000FFE70298202804D0FFE70298402846D1A3
:10B21000FFE70598D0F8D41200EB8101D1F8B812FD
:10B220008A68049990478DF80F003DE004984078B3
:10B230000146019109282CD80199DFE801F01B256E
:10B240002A202A0A052A160F05980499FEF7A4FE5B
:10B2500024E005980499FFF773FE1FE00598049910
:10B26000FFF7D0FE8DF80F0018E005980499FEF75F
:10B2700061FE13E005980499FFF764F80EE0059865
:10B280000499FFF77FFF09E005980499FEF7E2FCB7
:10B2900004E005980499FEF72DFDFFE704E005980A
:10B2A0000499FEF727FDFFE79DF80F0006B080BD6B
:10B2B00080B58CB00B900A9100208DF821000A987F
:10B2C00080888DF823000A98007800F0600001461D
:10B2D0000791B8B3FFE70798202805D0FFE7079844
:10B2E000402840F0B281FFE70B989DF82310FEF74D
:10B2F000D1FC8DF822009DF82200FF2821D0FFE725
:10B300009DF82200E8B9FFE79DF822000B99C1F8EB
:10B31000D4020B989DF8221000EB8100D0F8B802FF
:10B32000806868B1FFE70B989DF8221000EB81015F
:10B33000D1F8B8128A680A9990478DF82100FFE782
:10B34000FFE787E10A98407801460691002800F05F
:10B35000BD80FFE7069801284CD0FFE70698032838
:10B3600040F06D81FFE70B9890F89C020146059133
:10B37000022804D0FFE70598032819D034E09DF88F
:10B38000230078B1FFE79DF8230080280AD0FFE76B
:10B390000B989DF82310FFF7F1FC0B988021FFF725
:10B3A000EDFC04E00B980A99FEF7A4FCFFE720E00F
:10B3B0000A984088A0B9FFE79DF8230078B1FFE71D
:10B3C0009DF8230080280AD0FFE70A98C08830B98A
:10B3D000FFE70B989DF82310FFF7D0FCFFE7FFE78E
:10B3E0000B98FEF7DDFC04E00B980A99FEF782FC4F
:10B3F000FFE729E10B9890F89C020146049102288E
:10B4000004D0FFE70498032819D059E09DF82300E1
:10B4100078B1FFE79DF8230080280AD0FFE70B985A
:10B420009DF82310FFF7AAFC0B988021FFF7A6FCDC
:10B4300004E00B980A99FEF75DFCFFE745E00A98E7
:10B440004088E0BBFFE79DF82300400630B1FFE7EE
:10B450000B989DF82310FFF765F8FFE70B98FEF7B0
:10B460009FFC0B989DF82310FEF714FC8DF822002A
:10B470009DF82200FF2821D0FFE79DF82200E8B9BF
:10B48000FFE79DF822000B99C1F8D4020B989DF8B4
:10B49000221000EB8100D0F8B802806868B1FFE7A5
:10B4A0000B989DF8221000EB8101D1F8B8128A6840
:10B4B0000A9990478DF82100FFE7FFE7FFE704E0D6
:10B4C0000B980A99FEF716FCFFE7BDE00B9890F881
:10B4D0009C0201460391022804D0FFE70398032849
:10B4E00038D0A6E09DF8230050B1FFE79DF8230077
:10B4F000802805D0FFE70B980A99FEF7FBFB9DE03B
:10B500009DF82300000600280CD5FFE70B989DF856
:10B51000231001F07F0101EB810100EB8100143069
:10B5200002900CE00B989DF8231001F07F0101EBD5
:10B53000810100EB810000F5AA700290FFE70298FC
:10B5400009900999002008600B9809990222FEF7DA
:10B550000DFC73E09DF823000006002812D5FFE7DC
:10B560000B989DF8231001F00F0101EB810100EB16
:10B570008100808C28B9FFE70B980A99FEF7BAFB87
:10B580005CE012E00B989DF8231001F00F0101EB35
:10B59000810100EB8100B0F8640128B9FFE70B9846
:10B5A0000A99FEF7A7FB49E0FFE79DF82300000694
:10B5B00000280CD5FFE70B989DF8231001F07F01C0
:10B5C00001EB810100EB8100143001900CE00B983D
:10B5D0009DF8231001F07F0101EB810100EB810058
:10B5E00000F5AA700190FFE7019809909DF82300EB
:10B5F00028B1FFE79DF82300802804D1FFE70999CF
:10B60000002008600FE00B989DF82310FFF7DCF98D
:10B6100020B1FFE709990120086003E009990020A3
:10B620000860FFE7FFE70B9809990222FEF79EFBEF
:10B6300004E00B980A99FEF75DFBFFE704E00B9826
:10B640000A99FEF757FBFFE704E00B980A99FEF70B
:10B6500051FBFFE79DF821000CB080BD80B584B0A0
:10B660000390029100208DF807000298007800F006
:10B6700060000146009140B1FFE70098202804D007
:10B68000FFE7009840285AD1FFE7039890F89C0202
:10B69000013802284DD8FFE702980079012842D8E6
:10B6A000FFE7039802990979FEF7FCFA8DF8060086
:10B6B0009DF80600FF2825D0FFE79DF8060008BB8F
:10B6C000FFE703989DF8061000EB8100D0F8B80260
:10B6D000806890B1FFE79DF806000399C1F8D40295
:10B6E00003989DF8061000EB8101D1F8B8128A6822
:10B6F000029990478DF8070003E003208DF80700BA
:10B70000FFE703E003208DF80700FFE70298C088F9
:10B7100040B9FFE79DF8070020B9FFE70398FEF75F
:10B720003FFBFFE704E003980299FEF7E3FAFFE727
:10B7300004E003980299FEF7DDFAFFE704E00398BE
:10B740000299FEF7D7FAFFE79DF8070004B080BD25
:10B7500081B0009001B0704781B0009040F6CC10ED
:10B76000C2F2000001B0704784B0039002910398C8
:10B77000019002980078009002984078012830D11A
:10B78000FFE70298007800F00F01012000FA01F2B3
:10B790000199D1F81C081043C1F81C0801980099C0
:10B7A00000EB4110D0F800090004002818D4FFE78E
:10B7B000029988686FF3DF20097940EA8140009A96
:10B7C00040EA8250019901EB4211D1F8002910435F
:10B7D00048F20002C1F200021043C1F80009FFE77D
:10B7E0002EE00298007800F00F01012000FA01F22B
:10B7F0000199D1F81C0840EA0240C1F81C080198E0
:10B80000009900EB4110D0F8000B0004002816D47A
:10B81000FFE7029988686FF3DF20097940EA8140E9
:10B820000199009A01EB4211D1F8002B104348F224
:10B830000002C1F200021043C1F8000BFFE7FFE76E
:10B84000002004B07047000082B001900198009081
:10B850000099D1F8000940F2FF729043C1F8000945
:10B860000099D1F8040840F48070C1F80408002061
:10B8700002B0704780B58AB0DDF830C0CDF814C092
:10B880000493039202919DF814108DF824100299EC
:10B89000039A049B08930792069101909DF81D005E
:10B8A000012823D1FFE70199886B20F48030886359
:10B8B0000199C8684FF6BF72CFF6BD721040C860DC
:10B8C0000199C86820F44010C8609DF82400012840
:10B8D00006D1FFE70199C86840F48010C860FFE70F
:10B8E000019800F033F88DF803001AE00199C86858
:10B8F00040F04000C860019800F028F88DF803007F
:10B900009DF8210030B9FFE70199886B40F4803041
:10B91000886305E00199886B20F480308863FFE735
:10B92000FFE79DF81A0001280BD1FFE7019988680D
:10B9300040F0060088600199886840F02000886027
:10B94000FFE79DF803000AB080BD000083B00190BE
:10B9500000200090FFE70098013000900098B0F1BF
:10B96000706F04D9FFE703208DF80B002DE0FFE78F
:10B9700001980069C00F0028EDD0FFE70A20009071
:10B98000FFE7009820B1FFE7009801380090F8E742
:10B990000199086940F001000861FFE70098013053
:10B9A00000900098B0F1706F04D9FFE703208DF884
:10B9B0000B000AE0FFE701980069C0070028EDD1FD
:10B9C000FFE700208DF80B00FFE79DF80B0003B0A8
:10B9D0007047000084B00390029103980190029890
:10B9E0000078009002984078012845D1FFE701983F
:10B9F000009900EB4110D0F80009C00FA8B1FFE793
:10BA00000198009900EB4111D1F8000940F0006065
:10BA1000C1F800090198009900EB4111D1F8000923
:10BA200040F08040C1F80009FFE70298007800F07C
:10BA30000F01012000FA01F3019AD2F83C18994352
:10BA4000C2F83C180299097801F00F0100FA01F2DE
:10BA50000199D1F81C089043C1F81C08019800997D
:10BA600000EB4111D1F8000947F60002CEF633424F
:10BA70001040C1F8000946E00198009900EB411020
:10BA8000D0F8000BC00FA8B1FFE70198009900EBB8
:10BA90004111D1F8000B40F00060C1F8000B019893
:10BAA000009900EB4111D1F8000B40F08040C1F843
:10BAB000000BFFE70298007800F00F01012000FA68
:10BAC00001F3019AD2F83C1821EA0341C2F83C186C
:10BAD0000299097801F00F0100FA01F20199D1F8F9
:10BAE0001C0820EA0240C1F81C080198009900EBEC
:10BAF0004111D1F8000B47F60002CEF6F372104068
:10BB0000C1F8000BFFE7002004B0704782B001903D
:10BB1000019800900099D1F8000E20F00300C1F8C0
:10BB2000000E0099D1F8040820F00200C1F80408C2
:10BB3000002002B07047000082B001900198009090
:10BB40000099D1F8000E20F00300C1F8000E009912
:10BB5000D1F8040840F00200C1F80408002002B047
:10BB60007047000080B58CB0DDF838C0CDF81CC03F
:10BB70000693059204919DF81C108DF82C100499E1
:10BB8000059A069B0A9309920891039000208DF86C
:10BB90000B00039901910090FFE700980E280CD844
:10BBA000FFE70398009900EB81010020C1F8040130
:10BBB000FFE7009801300090EFE79DF82A00B8B940
:10BBC000FFE70199D1F8040840F00200C1F8040829
:10BBD0000399886B40F4001088630399886B20F404
:10BBE000002088630399886B20F4802088630AE032
:10BBF0000399886B20F4001088630399886B40F4E4
:10BC000000208863FFE701990020C1F8000E9DF82D
:10BC1000250001280FD1FFE79DF8230028B9FFE791
:10BC20000398002100F07CFE04E00398012100F05D
:10BC300077FEFFE704E00398032100F071FEFFE7C1
:10BC40000398102100F0A8FC20B1FFE701208DF837
:10BC50000B00FFE7039800F065FC20B1FFE701202F
:10BC60008DF80B00FFE701990020C1F81008019939
:10BC7000C1F814080199C1F81C080090FFE700986A
:10BC80009DF8201088423BD2FFE70198009900EB15
:10BC90004110D0F80009C00FB0B1FFE7009848B9D3
:10BCA000FFE70198009900EB41114FF00060C1F8E7
:10BCB000000908E00198009900EB41114FF0904015
:10BCC000C1F80009FFE707E00198009900EB411176
:10BCD0000020C1F80009FFE70198009900EB41112D
:10BCE0000020C1F810090198009900EB41114FF6AE
:10BCF0007F30C1F80809FFE7009801300090BEE7E7
:10BD000000200090FFE700989DF8201088423BD269
:10BD1000FFE70198009900EB4110D0F8000BC00F2D
:10BD2000B0B1FFE7009848B9FFE70198009900EB30
:10BD300041114FF00060C1F8000B08E00198009934
:10BD400000EB41114FF09040C1F8000BFFE707E016
:10BD50000198009900EB41110020C1F8000BFFE7AA
:10BD60000198009900EB41110020C1F8100B0198D7
:10BD7000009900EB41114FF67F30C1F8080BFFE747
:10BD8000009801300090BEE70199D1F8100820F426
:10BD90008070C1F8100803990020886103996FF042
:10BDA000804048619DF8220030B9FFE70399886917
:10BDB00040F010008861FFE70399886943F60002AC
:10BDC000C8F23C02104388619DF8260030B1FFE7BD
:10BDD0000399886940F008008861FFE79DF82A0010
:10BDE000012808D1FFE7039988690422C4F2000200
:10BDF00010438861FFE79DF80B000CB080BD000088
:10BE000081B000900099886820F0010088600020CF
:10BE100001B0704786B004908DF80F10029204981C
:10BE200001900498006C0090009843F20B01C4F656
:10BE3000547188420BD3FFE70198D0F8000BC00F74
:10BE400020B1FFE700208DF817002EE0FFE70199F1
:10BE50000020C1F8100B0199D1F8100B40F400201C
:10BE6000C1F8100B0199D1F8100B40F01800C1F87F
:10BE7000100B0199D1F8100B40F0C040C1F8100B25
:10BE80009DF80F0001280CD1FFE702980199C1F835
:10BE9000140B0199D1F8000B40F08020C1F8000B81
:10BEA000FFE700208DF81700FFE79DF8170006B0A8
:10BEB0007047000084B003900291039801900298AB
:10BEC0000078009002984078012820D1FFE701987F
:10BED000009900EB4111D1F8000920F40010C1F8DD
:10BEE000000902980079032805D0FFE7029800793D
:10BEF00002280BD1FFE70198009900EB4111D1F81E
:10BF0000000940F08050C1F80009FFE71FE00198E8
:10BF1000009900EB4111D1F8000B20F40010C1F89A
:10BF2000000B02980079032805D0FFE702980079FA
:10BF300002280BD1FFE70198009900EB4111D1F8DD
:10BF4000000B40F08050C1F8000BFFE7FFE7002036
:10BF500004B0704784B00390029103980190029856
:10BF60000078009002984078012822D1FFE70198DC
:10BF7000009900EB4110D0F80009C00F70B9FFE73D
:10BF8000009858B1FFE70198009900EB4111D1F8F2
:10BF9000000920F08040C1F80009FFE701980099EE
:10BFA00000EB4111D1F8000940F40010C1F800097C
:10BFB00021E00198009900EB4110D0F8000BC00F70
:10BFC00070B9FFE7009858B1FFE70198009900EBBE
:10BFD0004111D1F8000B20F08040C1F8000BFFE7C1
:10BFE0000198009900EB4111D1F8000B40F40010CA
:10BFF000C1F8000BFFE7002004B0704780B588B09F
:10C00000079006918DF817200798049006980078FD
:10C01000039006984078012840F02481FFE70698B5
:10C020000069F8B9FFE70498039900EB4111D1F8D2
:10C0300010096FF3DC40C1F810090498039900EB74
:10C040004111D1F8100940F40020C1F810090498FA
:10C05000039900EB4111D1F810096FF31200C1F8F8
:10C06000100971E00498039900EB4111D1F810090F
:10C070006FF31200C1F810090498039900EB411105
:10C08000D1F810096FF3DC40C1F810090398A8B982
:10C09000FFE7069881680069884204D9FFE706999E
:10C0A00088680861FFE70498039900EB4111D1F813
:10C0B000100940F40020C1F8100937E006988168A3
:10C0C000006908440138B0FBF1F0ADF80A00BDF892
:10C0D0000A100020C1F6F87000EAC14204980399E2
:10C0E00000EB4111D1F810091043C1F8100906986E
:10C0F0000079012819D1FFE70498039900EB411159
:10C10000D1F8100920F0C040C1F81009BDF80A00AC
:10C1100000F003020498039900EB4111D1F81009D3
:10C1200040EA4270C1F81009FFE7FFE7069802698C
:10C130006FF3DF420498039900EB4111D1F8100925
:10C140001043C1F81009FFE79DF8170001283BD103
:10C15000FFE70698C06948B1FFE70698C0690499EF
:10C16000039A01EB4211C1F81409FFE70698007920
:10C1700001281ED1FFE70498D0F80808C005002860
:10C180000BD4FFE70498039900EB4111D1F80009A3
:10C1900040F00050C1F800090AE00498039900EB50
:10C1A0004111D1F8000940F08050C1F80009FFE7C3
:10C1B000FFE70498039900EB4111D1F8000940F022
:10C1C0000440C1F800094CE00498039900EB4111C8
:10C1D000D1F8000940F00440C1F800090698007940
:10C1E000012813D0FFE70698006970B1FFE70698B1
:10C1F000007800F00F01012000FA01F20499D1F853
:10C2000034081043C1F83408FFE729E00498D0F857
:10C210000808C00500280BD4FFE70498039900EB39
:10C220004111D1F8000940F00050C1F800090AE0BE
:10C230000498039900EB4111D1F8000940F08050B7
:10C24000C1F80009FFE70798069BD9681A781B8A8E
:10C250009DF817C0EE46CEF800C000F051FCFFE795
:10C26000FFE7C4E00498039900EB4111D1F8100BEB
:10C270006FF31200C1F8100B0498039900EB411101
:10C28000D1F8100B6FF3DC40C1F8100B039818BB0A
:10C29000FFE70698006920B1FFE706998868086102
:10C2A000FFE70699886808620698026A6FF3DF4222
:10C2B0000498039900EB4111D1F8100B1043C1F819
:10C2C000100B0498039900EB4111D1F8100B40F4C6
:10C2D0000020C1F8100B49E006980069C0B9FFE7DB
:10C2E000069882686FF3DF420498039900EB4111CE
:10C2F000D1F8100B1043C1F8100B0498039900EB10
:10C300004111D1F8100B40F40020C1F8100B2CE0C3
:10C3100006988168006908440138B0FBF1F0ADF877
:10C320000A0006998868BDF80A2050430862BDF8E3
:10C330000A100020C1F6F87000EAC142049803997F
:10C3400000EB4111D1F8100B1043C1F8100B069807
:10C35000026A6FF3DF420498039900EB4111D1F8B0
:10C36000100B1043C1F8100BFFE7FFE79DF8170013
:10C3700001280ED1FFE70698C06848B1FFE706988C
:10C38000C0680499039A01EB4211C1F8140BFFE74E
:10C39000FFE70698007901281ED1FFE70498D0F83E
:10C3A0000808C00500280BD4FFE70498039900EBA8
:10C3B0004111D1F8000B40F00050C1F8000B0AE029
:10C3C0000498039900EB4111D1F8000B40F0805024
:10C3D000C1F8000BFFE7FFE70498039900EB411158
:10C3E000D1F8000B40F00440C1F8000BFFE700203B
:10C3F00008B080BD85B004900391002002908DF8B4
:10C400000700049800900398407801283ED1FFE788
:10C4100000980399097800EB4110D0F80009C00F8B
:10C4200098B3FFE700980399097800EB4111D1F820
:10C43000000940F00060C1F80009009803990978EC
:10C4400000EB4111D1F8000940F08040C1F800092B
:10C45000FFE7029801300290029842F2117188427F
:10C4600004D3FFE701208DF807000DE0FFE70098F7
:10C470000399097800EB4110D0F8000900F0004062
:10C48000B0F1004FE5D0FFE7FFE73DE000980399EA
:10C49000097800EB4110D0F8000BC00F98B3FFE70C
:10C4A00000980399097800EB4111D1F8000B40F096
:10C4B0000060C1F8000B00980399097800EB411166
:10C4C000D1F8000B40F08040C1F8000BFFE7029864
:10C4D00001300290029842F21171884204D3FFE7C2
:10C4E00001208DF807000DE0FFE700980399097817
:10C4F00000EB4110D0F8000B00F00040B0F1004F0D
:10C50000E5D0FFE7FFE7FFE79DF8070005B07047BC
:10C5100081B000900099886840F001008860002098
:10C5200001B0704783B0019000200090FFE70098B1
:10C53000013000900098B0F1706F04D9FFE703203C
:10C540008DF80B0024E0FFE701980069C00F002878
:10C55000EDD0FFE700200090019910200861FFE76F
:10C560000098013000900098B0F1706F04D9FFE797
:10C5700003208DF80B000BE0FFE70198006900F045
:10C5800010001028ECD0FFE700208DF80B00FFE72B
:10C590009DF80B0003B0704784B002900191002019
:10C5A0000090FFE70098013000900098B0F1706FA4
:10C5B00004D9FFE703208DF80F0026E0FFE702987B
:10C5C0000069C00F0028EDD0FFE70020009001981F
:10C5D0008001203002990861FFE700980130009047
:10C5E0000098B0F1706F04D9FFE703208DF80F00B9
:10C5F0000BE0FFE70298006900F020002028ECD053
:10C60000FFE700208DF80F00FFE79DF80F0004B052
:10C610007047000084B00390039802900298D0F80D
:10C62000080800F006000090009820B9FFE70020FD
:10C630008DF8070010E00098022804D0FFE700986A
:10C64000062804D1FFE702208DF8070003E00F2041
:10C650008DF80700FFE7FFE79DF8070004B070477B
:10C6600081B000900098406900F0010001B070476F
:10C6700083B00290029801900198D0F818080090B9
:10C680000198D0F81C18009808400090BDF80000F0
:10C6900003B0704783B00290029801900198D0F8DF
:10C6A000180800900198D0F81C18009808400090D5
:10C6B000BDF8020003B0704786B005908DF81310E6
:10C6C000059803900398D0F8100801900398D0F8CB
:10C6D0003408009000989DF8131001F00F01C84035
:10C6E00000F00101019840EAC110019003989DF803
:10C6F000131000EB4110D0F808090199084002908E
:10C70000029806B07047000084B003908DF80B10BB
:10C710000398019001989DF80B1000EB4110D0F8A0
:10C72000080B00900198D0F8141800980840009069
:10C73000009804B07047000082B0019001984069F1
:10C74000009001988169009808400090009802B01C
:10C750007047000089B008900791ADF81A2008983A
:10C76000059007980490BDF81A0080080190BDF864
:10C770001A0000F00300ADF8020000200290FFE76D
:10C7800002980199884217D2FFE705984FF480512B
:10C7900040580499086004980130049004980130CE
:10C7A0000490049801300490049801300490FFE74D
:10C7B000029801300290E3E7BDF8020008B3FFE7FA
:10C7C0000020029005984FF4805140580390FFE7F5
:10C7D00003989DF80810C900C84004990870029891
:10C7E00001300290049801300490BDF80200013835
:10C7F000ADF80200FFE7BDF802000028E8D1FFE72E
:10C80000FFE7049809B0704780B586B004908DF8B2
:10C810000F10002002900499C86820F0C040C86042
:10C820009DF80F00012823D1FFE70499C86840F064
:10C830000050C860FFE70A20F8F7D2F802980A30E3
:10C840000290FFE70498FFF70BFF01460020012943
:10C85000019007D0FFE702990020C82938BF0120C6
:10C860000190FFE70198C0070028E4D1FFE72AE024
:10C870009DF80F0010BBFFE70499C86840F08040A6
:10C88000C860FFE70A20F8F7ABF802980A30029078
:10C89000FFE70498FFF7E4FE01460020009039B15D
:10C8A000FFE702990020C82938BF01200090FFE768
:10C8B0000098C0070028E5D1FFE703E001208DF8CC
:10C8C00017000CE0FFE70298C82804D1FFE7012019
:10C8D0008DF8170003E000208DF81700FFE79DF8A2
:10C8E000170006B080BD000083B002908DF80710DD
:10C8F000029800900099D1F8000820F4FE60C1F879
:10C9000000089DF8070000F07F020099D1F80008A8
:10C9100040EA0210C1F80008002003B07047000090
:10C9200083B002908DF80710029800909DF80720C0
:10C930000099D1F800081043C1F80008002003B0A6
:10C940007047000084B0039002918DF807209DF895
:10C950000700022840F0B880FFE702984AF6C0417D
:10C96000C0F2D80188420BD3FFE702984EF2BF1104
:10C97000C0F2E401884203D8FFE70F200090A2E054
:10C9800002984EF2C011C0F2E40188420BD3FFE7D7
:10C99000029842F2FF31C0F2F401884203D8FFE767
:10C9A0000E2000908EE0029842F20041C0F2F401A5
:10C9B00088420BD3FFE7029847F27F31C0F206119D
:10C9C000884203D8FFE70D2000907AE0029847F2F2
:10C9D0008031C0F2061188420BD3FFE7029844F67B
:10C9E0009F11C0F21A11884203D8FFE70C20009073
:10C9F00066E0029844F6A011C0F21A1188420BD3E7
:10CA0000FFE7029842F6FF41C0F23111884203D895
:10CA1000FFE70B20009052E0029842F60051C0F26E
:10CA2000311188420BD3FFE702984AF23F41C0F22E
:10CA30004C11884203D8FFE70A2000903EE002989C
:10CA40004AF24041C0F24C1188420BD3FFE70298F2
:10CA500043F2FF51C0F26E11884203D8FFE709206C
:10CA600000902AE0029843F20061C0F26E11884201
:10CA70000BD3FFE702984AF61F31C0F2A611884295
:10CA800003D8FFE70820009016E002984AF620310C
:10CA9000C0F2A61188420BD3FFE7029844F2FF715F
:10CAA000C0F2E811884203D8FFE70720009002E0B7
:10CAB00006200090FFE7FFE7FFE7FFE7FFE7FFE75C
:10CAC000FFE7FFE7FFE70AE09DF8070018B9FFE777
:10CAD0000920009002E009200090FFE7FFE703999A
:10CAE000C86820F47050C860009800F00F020399E5
:10CAF000C86840EA8220C860002004B07047000087
:10CB000080B588B084460A98CDF81CC006918DF88F
:10CB10001720ADF814308DF813000798039006988D
:10CB200002909DF8130048BBFFE7BDF814000330E6
:10CB30008008019000200090FFE70098019988424A
:10CB40001BD2FFE70298006803999DF8172001EBBC
:10CB500002314FF4805288500298013002900298BE
:10CB60000130029002980130029002980130029048
:10CB7000FFE7009801300090DFE7FFE7002008B0F2
:10CB800080BD0000FFE7FEE780B582B00190009114
:10CB900000F0E6FD0199009A00F0BEFD02B080BDF4
:10CBA00080B500F0DDFD00F023FC80BD80B586B0CF
:10CBB0008DED050ACDED040A8DED031ACDED021AB7
:10CBC0008DED012ACDED002A40F23420C2F20000A2
:10CBD000D0ED011A90ED042AD0ED052A90ED0E0A51
:10CBE000D0ED110A90ED121A42F28800C2F2000054
:10CBF00000F022FE06B080BD80B542F28800C2F28D
:10CC0000000000F011FE80BD80B50AF039FC0AF08A
:10CC10004BFC80BD80B50AF01FFC0AF039FC80BDDA
:10CC200080B50AF025FC80BD84B08DED020ACDED03
:10CC3000010A8DED001A9DED020A9DED011AB4EE78
:10CC4000410AF1EE10FA03DAFFE7019803900FE0D2
:10CC50009DED020A9DED001AB4EE410AF1EE10FAC4
:10CC600003DDFFE70098039002E002980390FFE7DE
:10CC70009DED030A04B0704780B58CB00A9009910D
:10CC800008920A980999F6F73FFC20B9FFE70020BF
:10CC90008DF82F0037E00020079006900590049053
:10CCA0000390029001900A980999089B01AAF6F74F
:10CCB00055FC20B1FFE700208DF82F0023E00398FA
:10CCC00018B9FFE70198009002E002980090FFE792
:10CCD00000980899886005980899087308990020B9
:10CCE000086103980438B0FA80F040090899087583
:10CCF00004980238B0FA80F040090899487501207C
:10CD00008DF82F00FFE79DF82F000CB080BD0000CC
:10CD100083B0029001910092029890F8B3030199B8
:10CD200081F86800029890F8B803009981F86800CB
:10CD300003B0704780B584B003900291039808F067
:10CD4000ADFB029880ED000A039808F087FB02987B
:10CD500080ED010A039808F0A9FB029880ED020A11
:10CD6000039808F073FB029880ED040A039808F01A
:10CD7000B5FB029880ED050A039808F087FB02983E
:10CD800080ED060A039808F099FB0299087703984A
:10CD900008F074FB029880ED030A039808F098FBF2
:10CDA000019001980068029908620198407C0299FC
:10CDB00081F83100039808F059FB029981F832009C
:10CDC00004B080BD80B588B00790069106980068D1
:10CDD0000090079803F0EEFD014600980860069861
:10CDE00040680190079803F0E5FD0146019848600E
:10CDF000069880680290079803F0DCFD01460298CF
:10CE000088600698C0680390079803F0D3FD014638
:10CE10000398C8600698007C0490079803F0CAFD48
:10CE20000146049808740698407C0590079803F022
:10CE3000C1FD01460598487408B080BD80B582B038
:10CE400001900198007DC00750B9FFE70198407D2F
:10CE5000C00728B9FFE70198007B082801D0FFE749
:10CE600059E0019880680090052830D3FFE70098CA
:10CE700040F24111884218D0FFE70098A0F201204B
:10CE8000012847D8FFE742F27C10C2F20000006898
:10CE900050B1FFE742F27C10C2F200000068019935
:10CEA000026892689047FFE735E042F27810C2F2DC
:10CEB0000000006850B1FFE742F27810C2F20000B3
:10CEC00000680199026892689047FFE723E042F208
:10CED0006810C2F20000006850B1FFE742F268102B
:10CEE000C2F2000000680199026892689047FFE76B
:10CEF00042F26410C2F20000006850B1FFE742F253
:10CF00006410C2F2000000680199026892689047BC
:10CF1000FFE700E0FFE702B080BD000080B584B00D
:10CF20000390029101928DF803300398D0F810011C
:10CF3000029948640398D0F8140102998864039810
:10CF4000D0F818010299C8640398D0F81C0102991E
:10CF500008650398D0F82001029948650398D0F835
:10CF60002401029988650398D0F830010299C865B8
:10CF7000039890F82801029981F838009DF8030081
:10CF8000C00730B1FFE7039890F8080102990877CD
:10CF9000FFE70398D0F80C0102990860019808F0A7
:10CFA00097FA406802990866019808F091FA80683B
:10CFB0000299486604B080BD80B584B003900291A8
:10CFC00003984068F3F7C3FB41EC100B029880ED27
:10CFD000180B03988068F3F7BAFB41EC100B02982A
:10CFE00080ED1A0B0398C068F3F7B1FB41EC100B0E
:10CFF000029880ED1C0B0398006AF3F7A8FB41EC44
:10D00000100B029880ED360B0398406AF3F79FFBF4
:10D0100041EC100B029880ED380B0398806AF3F70F
:10D0200096FB41EC100B029880ED3A0B03980069D7
:10D030000299C1F8F000039840690299C1F8F40020
:10D04000039880690299C1F8F8000398C06A0299B0
:10D05000C1F8FC000398006B0299C1F80001039825
:10D06000406B0299C1F804010398C06B0299C1F8A2
:10D070002C01039890F84000002818BF0120029965
:10D0800081F83401039840690299886503988069A2
:10D09000F3F75DFB41EC100B029880ED140B039845
:10D0A000006B0299C1F8D0000398406BF3F74FFB77
:10D0B00041EC100B029880ED320B0398007F0028A2
:10D0C00018BF01208DF807009DF80700029991F81C
:10D0D000081188420DD0FFE79DF80700029981F8FA
:10D0E0000801029806F092FF0298783006F08EFF51
:10D0F000FFE7029890F8290130B1FFE70398006834
:10D100000299C1F80C01FFE7039890F8380048B184
:10D11000FFE7029890F8280120B9FFE7029802F093
:10D120004FFE0EE0039890F8380048B9FFE70298E8
:10D1300090F8280120B1FFE7029803F019F8FFE703
:10D14000FFE704B080BD000080B58AB08DED090A0C
:10D150000890CDED070A8DED061ACDED051A089859
:10D16000006804909DED070AB5EE400AF1EE10FA52
:10D170000BDDFFE79DED050A9DED071A31EE001A64
:10D1800080EE010A8DED010A04E0B7EE000A8DED94
:10D19000010AFFE79DED010A8DED030A9DED030AEB
:10D1A0009DED092A089890ED001A32EE412A20EEF2
:10D1B000020A30EE010A80ED000A9DED060A9DED9F
:10D1C000051A20EE010A8DED020A089890ED000A7A
:10D1D0009DED041A9DED022A71EE420A31EE021A0B
:10D1E000FFF722FD089880ED000A089890ED000AEC
:10D1F0000AB080BD82B08DF806009DF80600C00719
:10D2000020B9FFE700208DF8070033E040F2A4705A
:10D21000C2F2000000788DF805009DF80500042892
:10D2200004D1FFE701208DF8070023E09DF80510E9
:10D2300000200329009017D1FFE740F2A470C2F24A
:10D24000000090ED060AB0EEC00A40F24430C2F28F
:10D25000000090ED051A0020B4EE410AF1EE10FA3C
:10D26000D8BF01200090FFE7009800F001008DF882
:10D270000700FFE79DF8070002B0704782B00190F9
:10D280000198006800BA0090009802B07047000052
:10D2900081B000900098006800BA01B070470000AB
:10D2A00080B584B003908DED020A02980190039836
:10D2B000019900F003F804B080BD000082B0019035
:10D2C00000919DF8030001990870BDF802000199D2
:10D2D00048700098000A0199887000980199C870F8
:10D2E00002B0704780B588B0069006980390007829
:10D2F000392805D1FFE703984078392804D0FFE7A3
:10D3000000208DF81F006CE00398007BFF2804D0FC
:10D31000FFE700208DF81F0063E003980230FFF75D
:10D32000ADFF0146039805910630FFF7A7FF0146C0
:10D33000039804919DED050AB8EEC00A9FED2B1AE3
:10D3400080EE010A80ED0C0A9DED040AB8EEC00AD9
:10D3500080EE010A80ED0D0A817A80F83810C17ADA
:10D3600080F839100D30FFF793FF01460398C16331
:10D37000417C80F84010817C80F8411001210191AE
:10D3800080F84210443000F0D3FA039901980B6BF7
:10D3900040F23042C2F20002029213604B6B5360C3
:10D3A000059B9360049BD36091F83830137491F817
:10D3B00039305374CB6B536191F84030137691F848
:10D3C0004130537691F8423093760B7882F82930C9
:10D3D0004B7882F82A30097B82F82B108DF81F00D9
:10D3E000FFE79DF81F0008B080BD00BF0000C842E5
:10D3F00081B000900099002081F8500040F2304147
:10D40000C2F20001486201B07047000080B584B0EC
:10D4100003908DF80B100398019090F85C0080B990
:10D42000FFE79DF80B0039280AD1FFE701999DF825
:10D430000B0091F85C20531C81F85C308854FFE7A6
:10D4400037E0019890F85C00012815D1FFE79DF8BE
:10D450000B0039280AD1FFE701999DF80B0091F8DC
:10D460005C20531C81F85C30885404E00199002052
:10D4700081F85C00FFE71CE001989DF80B1090F824
:10D480005C20531C80F85C30815490F85C001328B9
:10D490000FDBFFE70198FFF725FF28B1FFE70199B0
:10D4A000002081F85C0003E0019800F02FF8FFE70E
:10D4B000FFE704B080BD000080B584B003900398FE
:10D4C00000904430019000F003FA019800F004FA53
:10D4D000019807F013FFB0FA80F040098DF80B00B7
:10D4E0009DF80B00C00750B9FFE70099002081F8B4
:10D4F000420040F23041C2F200018876FFE79DF819
:10D500000B0000F0010004B080BD000080B584B0C5
:10D5100003900398019001208DF80B00FFE701991B
:10D520009DF80B00013091F85C1088422BDAFFE780
:10D5300001989DF80B10405C39281DD1FFE7019937
:10D540009DF80B0008444078392815D1FFE7019871
:10D5500090F85C109DF80B20891A8DF80A109DF840
:10D560000B1001449DF80A20F2F75FFE01999DF827
:10D570000A0081F85C0020E0FFE79DF80B00013015
:10D580008DF80B00CBE7019890F85C0080B1FFE7C5
:10D59000019991F85C00084410F8010C392807D172
:10D5A000FFE7019939200870012081F85C0004E050
:10D5B0000199002081F85C00FFE704B080BD000005
:10D5C00010B586B005900599002081F85C0081F8BF
:10D5D000500004900390029001900090009A019BEB
:10D5E000DDF808C0DDF80CE0049C0C64C1F83CE0F8
:10D5F000C1F838C04B630A63C1F80F00C860886087
:10D600004860086006B010BD80B58AB008A90591D1
:10D6100009900998069090F85000C00758B1FFE7AC
:10D620000698816D01318165806D40F23041C2F212
:10D63000000108626DE00698392100F8131F04907C
:10D640004170023040F21C71C2F20001019191ED73
:10D65000090AFFF725FE01990498063091ED0A0AA0
:10D66000FFF71EFE019904980A3091ED0B0AFFF7AF
:10D6700017FE019904980E3091ED0C0AFFF710FE89
:10D6800007F08AFA08F00EFA0599049881ED000A6D
:10D69000123091ED000AFFF703FE049852218175C4
:10D6A00001210391C175FF21017619300290F7F72E
:10D6B00095FB01460298FFF701FE0399049880F854
:10D6C0003D1040F23042C2F2000251621D21F3F7D8
:10D6D000A3FA8DF81F009DF81F0058B9FFE70698C0
:10D6E000416D01314165406D40F23041C2F20001AF
:10D6F000C8610EE00698002280F8502040F23041C8
:10D70000C2F200014A62826D01328265806D086258
:10D71000FFE70AB080BD000080B586B00590049197
:10D72000039205980190049818B1FFE7039808B98F
:10D73000FFE712E000200290FFE702980399884279
:10D740000BD2FFE701980499029A895CFFF75EFE0D
:10D75000FFE7029801300290EFE706B080BD0000BD
:10D7600080B541F61040C2F200000078BFF35F8F31
:10D77000C007A8B9FFE741F61040C2F200000BF065
:10D7800084F868B1FFE742F29060C2F2000000F056
:10D790000DF841F61040C2F200000BF08CF8FFE7E4
:10D7A00042F29060C2F2000080BD000080B588B0F7
:10D7B00007900798019044304FF4FA7100F0C4F8D4
:10D7C0000198002180F850104165816580F85C1057
:10D7D000C0F80F10C16081604160016080F82F10B7
:10D7E000C0F82B10C0F82710C0F82310C0F81F1085
:10D7F000C0F81B10C0F81710C0F81310069105915F
:10D800000491039102910299039A049BDDF814C0DC
:10D81000DDF818E0C0F840E0C0F83CC08363426324
:10D82000016308B080BD000081B000900099002025
:10D83000087701B07047000080B58AB003A9009155
:10D8400001460098099180ED050AC0ED040A80EDBB
:10D85000031AC0ED021A80ED012AC0ED002A0998D2
:10D860000190007FC00708B1FFE721E00199012086
:10D87000087704208DF80B00089808600798486026
:10D88000069888600598C860049808610398486104
:10D890004FF0FF40886143F21030C2F200001C22BA
:10D8A000FAF764FA20B1FFE7019900200877FFE753
:10D8B0000AB080BD81B0009000980021017781619D
:10D8C00041610161C16081604160016001B07047E8
:10D8D00081B0009001B0704780B584B00390039888
:10D8E0000090F7F77BFA0099029002984968884205
:10D8F00007D2FFE7009802994068C04308440190AE
:10D9000005E0009902984968401A0190FFE70099E4
:10D9100001980968884204D3FFE7009901208860D4
:10D9200003E0009900208860FFE704B080BD00009C
:10D9300080B582B0019001980090F7F74FFA0099F6
:10D94000486002B080BD000082B001900091019853
:10D9500000990160002141600121816002B070479F
:10D9600081B0009000986421016000214160012194
:10D97000816001B07047000081B00090009890F87D
:10D98000282240F29071C2F200010A7090F8302211
:10D990004A7090F83202887040F29060C2F2000043
:10D9A00090F83320CA7090F834200A7190F83D2026
:10D9B0000A7490F83E204A7490F83F00887401B0D1
:10D9C000704700000000000080B5B0B02F902F9885
:10D9D000199042F27C10C2F2000000682E902E983E
:10D9E00008B9FFE7FFE105F017FB2D902D9807F030
:10D9F000F5FF014600200329189013D1FFE72D9869
:10DA000007F0F2FF01460020032918900AD1FFE732
:10DA100040F2D020C2F200000078002818BF012098
:10DA20001890FFE7189800F001008DF8B3002D98CA
:10DA300007F0D4FF014600200129179015D1FFE718
:10DA40002D9807F0D1FF014601200129169009D039
:10DA5000FFE72D9807F0C8FF0238B0FA80F04009C0
:10DA60001690FFE716981790FFE7179800F001004F
:10DA70008DF8B2002D9805F011FB8DF8B1002D98AE
:10DA800007F0ACFF014600200229159009D1FFE7FD
:10DA90002D9807F0A9FF0238B0FA80F040091590E0
:10DAA000FFE7159800F001008DF8B0009DF8B30075
:10DAB000C00730BBFFE740F28071C2F200010020D6
:10DAC000C8729DF8B210C907149069B1FFE79DF8BC
:10DAD000B1100020C907149031B9FFE79DF8B000DC
:10DAE00080F001001490FFE71999149800F00100EC
:10DAF00081F8320242F2F061C2F2000100200870A7
:10DB00004AE02D9807F012FFADF8AE009DF8B30083
:10DB1000C007B8B1FFE742F2F160C2F2000000783E
:10DB200080B9FFE740F28071C2F200010020C872A4
:10DB30009DF8AF0000F0010042F2F061C2F2000176
:10DB40000870FFE79DF8AF0000F001008DF8AD0010
:10DB50009DF8AD0080B1FFE742F2F060C2F2000034
:10DB6000007848B9FFE740F28071C2F20001C87A3C
:10DB700080F00100C872FFE719999DF8AD0042F2EC
:10DB8000F062C2F20002107040F28070C2F2000037
:10DB9000C07A81F83202FFE79DF8B30000F001007F
:10DBA00042F2F161C2F2000108709DF8B100C007B5
:10DBB00028B9FFE79DF8B000C007B0B1FFE72E9885
:10DBC00001210022139204F0C7FC139A2E9802211F
:10DBD00004F0C2FC199800F5A87006F017FA19981D
:10DBE00000F5D87006F012FAF9E0199890F83202B0
:10DBF00048B1FFE740F22430C2F2000090ED010A84
:10DC00008DED120A04E09FED7C0A8DED120AFFE70C
:10DC10009DED120A8DED2A0A2A9829909DED2A0A77
:10DC2000B1EE400A8DED280A2E9801210E9107F0E1
:10DC300001FD8DED270A2E980221109107F0FAFCC4
:10DC40008DED260A40F22430C2F200000290806876
:10DC5000F2F77DFD024602980B46199943EC102B12
:10DC600081ED840BC068F2F772FD024602980B4604
:10DC7000199943EC102B81ED860B0069F2F767FDD3
:10DC8000199A0346029801930B46019943EC101B25
:10DC900082ED880B416902F5A8730693C2F8A811BA
:10DCA0008069F2F754FD199A0346029803930B46D4
:10DCB000039943EC101B82ED680B416902F5D873A0
:10DCC0000C93C2F808128069F2F741FDDDF864E0B8
:10DCD00041EC100B8EED800BDEF81002DEF8141212
:10DCE000DEF81822DEF81C32DEF820C2DEF824E26C
:10DCF000CDF894E0CDF890C023932292219120900A
:10DD00002998F2F724FD41EC100B8DED040B2798B8
:10DD1000F2F71DFD9DED043B0246069807920A4668
:10DD2000079942EC141B9DED200B9DED221B9DEDF0
:10DD3000242B9FED2F5B8DED0A5B06F07DF9DDF85E
:10DD400064E0DEF81002DEF81412DEF81822DEF8C5
:10DD50001C32DEF820C2DEF824E2CDF87CE0CDF8FB
:10DD600078C01D931C921B911A902898F2F7EFFC33
:10DD700041EC100B8DED080B2698F2F7E8FC9DEDB9
:10DD8000083B9DED0A5B02460C980D920A460D99E0
:10DD900042EC141B9DED1A0B9DED1C1B9DED1E2BE3
:10DDA00006F04AF919982E990F9190ED560B51EC07
:10DDB000100BF2F7ADFC0E9902460F9804F0CCFB65
:10DDC00019982E99119190ED6E0B51EC100BF2F702
:10DDD0009FFC10990246119804F0BEFBFFE72E98B5
:10DDE00004F044FCFFE730B080BD00BF00BF00BFBF
:10DDF000000000000000D0400000000080B588B0A6
:10DE000007900798039005F007F90690069805F02B
:10DE100045F98DF81700069807F0E0FD014600204F
:10DE20000229049009D1FFE7069807F0DDFD0238CA
:10DE3000B0FA80F040090490FFE70399049800F0DD
:10DE400001008DF8160040F22430C2F20000027882
:10DE5000002A18BF01228DF815204078002818BF2D
:10DE600001208DF8140091F8300281F831029DF8FC
:10DE700017100020C907029091B9FFE79DF816100E
:10DE80000020C907029059B9FFE79DF8151000203E
:10DE9000C907029021B1FFE79DF814000290FFE747
:10DEA0000398029901F0010180F8301290F82802DD
:10DEB0000146019150B1FFE70198C0B2012810D08E
:10DEC000FFE70198C0B203281BD025E0039890F823
:10DED000300228B1FFE70399032081F82802FFE709
:10DEE0001AE0039890F8300228B9FFE70399002060
:10DEF00081F8280204E00399032081F82802FFE753
:10DF00000AE0039890F8300228B9FFE7039900204F
:10DF100081F82802FFE7FFE7F6F760FF0399C1F8F1
:10DF20002C0208B080BD000083B0029001910298DD
:10DF300090F828020146009150B1FFE70098C0B266
:10DF4000012809D0FFE70098C0B2032808D00BE0F1
:10DF500001990020487007E001990120487003E012
:10DF6000019901204870FFE703B0704780B58AB07F
:10DF7000099009980590FFF741FF05F04DF80890CA
:10DF800000208DF81F00089807F028FD012816D101
:10DF9000FFE7089807F028FD012804D1FFE70120DA
:10DFA0008DF81F000AE0089807F01EFD022804D132
:10DFB000FFE702208DF81F00FFE7FFE7FFE79DF86E
:10DFC0001F00012806D1FFE740F25460C2F20000B2
:10DFD000049013E09DF81F00022806D1FFE740F2ED
:10DFE0001860C2F20000039005E040F27810C2F21F
:10DFF00000000390FFE703980490FFE70598049959
:10E0000006910699FFF790FF059842F27811C2F247
:10E0100000010968089A069B9DF81FC0EE46CEF8DD
:10E0200004C040F2906CC2F2000CCEF800C000F0C8
:10E03000FFFB0598FFF7C8FC0598FFF79DFC0AB0A9
:10E0400080BD00000000000080B586B005900598F6
:10E05000049001F09DFC049800F5A8709FED180B4A
:10E060008DED000B9FED181B8DED021B06F040F9A6
:10E0700004989DED000B9DED021B00F5D87006F095
:10E0800037F9049800F504709FED112BB0EE420AA9
:10E09000F0EE620AB0EE421AF0EE621A06F048F9AB
:10E0A0000498002180F82812C0F82C1280F8301251
:10E0B00080F8311280F8321206B080BD00BF00BF78
:10E0C0000000000000407F40000000000070A740FA
:10E0D000000000000000000080B584B003900398A9
:10E0E00000905220029000200190FFE701985028F4
:10E0F0001ADCFFE700980199405C5A280FD1FFE72E
:10E100000099019808444078A52808D1FFE70098B5
:10E11000019A8118C2F15202F2F787F804E0FFE792
:10E12000019801300190E1E7009943F28020C2F2AA
:10E1300000005222F9F726F804B080BD80B586B001
:10E14000059005980190FFE70020049043F280209D
:10E15000C2F20000016809680491006840680490F8
:10E160000498FFE7FFE70020039043F28020C2F20B
:10E1700000000168096803910068406803900398F3
:10E18000FFE7FFE70020029043F28020C2F2000088
:10E190000168096802910068406802900298FFE7F0
:10E1A000019852210091F2F767F80199009A43F221
:10E1B0008020C2F20000F8F7E5FF06B080BD000045
:10E1C00080B584B003900291ADF8062003980090CA
:10E1D000029843F28021C2F20001884217D1FFE782
:10E1E00000985430FFF7A4FBBDF80600522804D174
:10E1F000FFE7009800F04EF908E0009943F2802014
:10E20000C2F200005222F8F7BDFFFFE7FFE704B0BB
:10E2100080BD00000000000080B594B01390129102
:10E220008DED110A12980068F2F791FA41EC100B8B
:10E230008DED0E0B1198F2F78AFA41EC100B8DED73
:10E240000C0B0C980D990E9A0F9BF2F7DBF841EC32
:10E25000100B51EC100B9FED560B53EC102BF2F7FB
:10E26000EEF980BBFFE79DED0E0B9FED571B51ECC8
:10E27000110B53EC102BF2F7C5F841EC110B9DED8F
:10E280000C0B51EC110B53EC102BF2F71AF841EC7C
:10E29000100B8DED080B12980B904068F2F757FAAF
:10E2A0009DED081B41EC100B53EC112B51EC100BA6
:10E2B000F2F707F841EC100B51EC100BF2F75AFA99
:10E2C0000B99486068E00C980D990E9A0F9BF2F735
:10E2D00099F841EC100B51EC100B9FED370B53EC00
:10E2E000102BF2F776F980BBFFE79DED0C0B51EC9C
:10E2F000100B9FED330B53EC102BF1F7E2FF41ECC9
:10E30000110B9DED0E0B51EC110B53EC102BF2F792
:10E3100079F841EC100B8DED040B129807904068D2
:10E32000F2F715FA9DED041B41EC100B53EC112B89
:10E3300051EC100BF1F7C5FF41EC100B51EC100B39
:10E34000F2F718FA0799486025E09DED0C1B9DED4A
:10E350000E0B51EC110B53EC102BF2F753F841EC70
:10E36000100B8DED000B129803904068F2F7EFF957
:10E370009DED001B41EC100B53EC112B51EC100BDD
:10E38000F1F79FFF41EC100B51EC100BF2F7F2F993
:10E3900003994860FFE7FFE79DED0C0B51EC100B74
:10E3A000F2F7E8F91299086014B080BD00BF00BF11
:10E3B00000000000008066C0000000000080664091
:10E3C00000000000008076C0000000000080764061
:10E3D00080B588B007900798029054300190FFF7FD
:10E3E00077FA0198FFF778FA019806F087FF02990B
:10E3F0000138B0FA80F040098DF81B009DF81B2011
:10E400000120904381F860009DF81B00C007D0B345
:10E41000FFE7FFE70020059043F28020C2F20000F2
:10E420000168096805910068406805900598FFE754
:10E43000FFE70020049043F28020C2F20000016850
:10E44000096804910068406804900498FFE7FFE7BA
:10E450000020039043F28020C2F2000001680968A6
:10E4600003910068406803900398FFE743F280201F
:10E47000C2F200000090F8F70DFF029900985222B6
:10E48000F8F780FEFFE79DF81B0000F0010008B0E0
:10E4900080BD000080B584B00290029800900078A2
:10E4A0005A2805D1FFE700984078A52807D0FFE754
:10E4B0000098FFF711FE00208DF80F0074E000981F
:10E4C000019001998A88A0F865200968C0F8611058
:10E4D000019906310191019B19685A689B68C0F83F
:10E4E0006F30C0F86B20C0F8671001990C310191B2
:10E4F000019B19685A689B68C0F87B30C0F8772088
:10E50000C0F8731001990C310191019B19685A6888
:10E510009B68C0F88730C0F88320C0F87F1001994D
:10E520000C310191019B19685A689B68C0F89330BF
:10E53000C0F88F20C0F88B1001990C31019101991E
:10E540000B684A688968C0F89B20024642F8973FEA
:10E55000916001990C310191DDF804E0DEF80010C2
:10E56000DEF80430DEF808C0DEF80CE0C0F8AFE0FA
:10E57000C0F8ABC0C0F8A730C0F8A31001991031A3
:10E58000019100F1B401926800EE102AFFF744FEF9
:10E59000009943F28020C2F200005222F8F7F2FD07
:10E5A00001208DF80F00FFE79DF80F0004B080BD3B
:10E5B00080B586B004900498019005900022014631
:10E5C00001F8522B013002910390FFE70399029A60
:10E5D000002001F8010B084691420390F6D1FFE7B5
:10E5E000019854303221FFF7AFF90199002081F8EA
:10E5F00060000022CCF27A42C1F8B420C1F8B80021
:10E60000059806B080BD000080B584B003900291EB
:10E6100003980190029A916B0131916390ED4A0B3E
:10E620009FED0F1B53EC112B51EC100BF1F749FE32
:10E630000246019800920A46009942EC101B80EDB8
:10E640004A0B90ED4A0B51EC100BF2F793F801993D
:10E65000C1F8FC00012081F8300104B080BD00BF8A
:10E660008744E74A1857E63F82B08DED000A9DEDDA
:10E67000000A9FED201AB4EE410AF1EE10FA04DD13
:10E68000FFE74FF08A400090FFE79DED000A9FED05
:10E690001A1AB4EE410AF1EE10FA04DAFFE74FF06D
:10E6A00045400090FFE79DED000AB5EE400AF1EE0F
:10E6B00010FA0DDBFFE79DED000AB6EE001A30EE12
:10E6C000010ABDEEC00A10EE100AADF806000CE01B
:10E6D0009DED000ABEEE001A30EE010ABDEEC00A42
:10E6E00010EE100AADF80600FFE7BDF9060002B013
:10E6F000704700BF00000045000000C580B584B031
:10E70000039003980190D0F80011C0F8FC10D0F8E5
:10E710000001F2F71CF80246019800920A4600999F
:10E7200042EC101B80ED4A0B00210291C0F83C1115
:10E73000C0F8381180F8301105F068FC0198783085
:10E7400005F064FC01990298C1F81001C1F80C01B0
:10E7500004B080BD84B08DED020ACDED010A8DEDCF
:10E76000001A9DED020A9DED001AB4EE410AF1EE89
:10E7700010FA03DDFFE7009803900FE09DED020A19
:10E780009DED011AB4EE410AF1EE10FA03DAFFE74B
:10E790000198039002E002980390FFE79DED030AC1
:10E7A00004B0704780B582B001900198009005F0E8
:10E7B0002DFC0098783005F029FC0099002081F8A4
:10E7C000F00081F8F100C1F8F400C1F8FC00C1F8D4
:10E7D000000181F8040181F80501C1F80801C1F8C0
:10E7E0000C01C1F81001C1F81401C1F81801C1F8F9
:10E7F0001C01C1F82001C1F8F80081F8490101228B
:10E8000081F84A2181F84B0181F84001C1F83C01AF
:10E81000C1F8380181F8480181F83001F6F7DEFAD5
:10E820000099C1F8440102B080BD00000000000062
:10E8300010B5EAB084466D98DDF8B0E1CDF8A4C11A
:10E840006891679266938DF8970169993C919DF85C
:10E8500097016C9A82F83D006C9A002082F83E0085
:10E8600091F84A1101F001016C9A82F83F106C99FD
:10E870004864689858BBFFE73C98FFF793FF3C9AC1
:10E880006C9900203B9081F840006C9981F8480019
:10E890006C9981F849006C99C86482F8490101219A
:10E8A00082F84A116C9A82F83F106C9981F8320014
:10E8B0006C9908866C9981F83C006C9908706C9989
:10E8C00081F833006C9981F8340001F059B86898E8
:10E8D00001213A9104F03CF93A996C9A82F83C0093
:10E8E000689806F035FF3A996C9880ED050A6898AB
:10E8F00006F080FE3C996C9880ED030A6C98C06825
:10E90000C1F80001F6F76AFA3A9A649068995FA82C
:10E9100006F006FE3C989DED600A80ED400A6C987A
:10E9200080ED030A61986C9948615F986C9908655D
:10E930006C9890F83C0050B9FFE73C99002081F8B2
:10E94000040181F840016498C1F84401FFE73C9854
:10E9500090F80401C0B1FFE73C9890F84801C00767
:10E9600090B1FFE7669890F8200068B9FFE73C98FF
:10E97000FFF7C4FE3C99012081F8F00081F84A01BC
:10E98000002081F84801FFE79DF88C110020C9079D
:10E990003990D9B1FFE79DED600A08F02BF80146E8
:10E9A0000020399091B1FFE79DED610A08F022F84F
:10E9B00001460020399049B1FFE764986299411AF5
:10E9C0000020652938BF01203990FFE7399800F011
:10E9D00001008DF87B019DF87B110020C90738905C
:10E9E00061B1FFE73C996298D1F84411411A0020C7
:10E9F000B1F1FF3FC8BF01203890FFE7389800F021
:10EA000001008DF87A01679804F048FB8DF87901D0
:10EA1000679806F0E3FF014600200229379009D1EC
:10EA2000FFE7679806F0E0FF0238B0FA80F040098F
:10EA30003790FFE7379800F001008DF8780167986C
:10EA400006F0CCFF014600200129369015D1FFE7E2
:10EA5000679806F0C9FF014601200229359009D0C8
:10EA6000FFE7679806F0C0FF0138B0FA80F0400970
:10EA70003590FFE735983690FFE7369800F00100B3
:10EA80008DF877019DF877110020C9073490E9B11E
:10EA9000FFE740F23040C2F20000817E0020349057
:10EAA000A1B1FFE740F2E460C2F20000017D002066
:10EAB000349059B1FFE740F2E460C2F2000090F8F0
:10EAC0002C00002818BF01203490FFE7349800F094
:10EAD00001008DF876019DF876110020C90733906A
:10EAE00051B1FFE740F23040C2F20000407C002804
:10EAF00018BF01203390FFE7339800F001008DF834
:10EB000075019DF879110120C907329021B9FFE7FD
:10EB10009DF878013290FFE73C98329901F00101AD
:10EB20008DF8741190F849110020C907319029B36C
:10EB3000FFE73C9890F84C119DF8972101209142F5
:10EB4000309018D1FFE73C9890F84D116698027C00
:10EB50000120914230900ED1FFE73C9890F84E0191
:10EB600000F001009DF8761101F00101401A18BF74
:10EB700001203090FFE730983190FFE73C993198C1
:10EB800000F001008DF873019DF8970181F84C01A8
:10EB90006698007C81F84D019DF8760100F0010037
:10EBA00081F84E01012081F849019DF8760100F0BD
:10EBB00001006C9981F83E006698807858B1FFE7B3
:10EBC0003C9805F023FA3C98783005F01FFA6699D6
:10EBD00000208870FFE76698017801202F90D1B35C
:10EBE000FFE76698417801202F90A1B3FFE79DF8D9
:10EBF00074110120C9072F9069BBFFE76C9890F84A
:10EC00003C1001202F9031B3FFE76698007C38B1AB
:10EC1000FFE76698017C012001292F901BD1FFE7B7
:10EC2000669890ED010A0120B2EE021AB4EE410A94
:10EC3000F1EE10FA2F900ED1FFE7669890ED020AE0
:10EC40009FEDDA1A0020B4EE410AF1EE10FA18BF77
:10EC500001202F90FFE72F9800F001008DF872013E
:10EC60009DF87B0100F001006C9981F849006C99D6
:10EC70000020C8649DF87201C00788B9FFE79DF8BD
:10EC80007B01C00760B1FFE73C9890F804010028C1
:10EC90007AD1FFE79DF87A01C007002874D1FFE719
:10ECA0009DF87201C00728B9FFE79DF87B01C007F6
:10ECB00028B9FFE73C996498C1F84401FFE73C9804
:10ECC00000212E9180F84011C0F83C11C0F8381195
:10ECD00080F8481180F830119DF8723101222D9290
:10ECE0009A436C9B83F840206C9A82F8481005F098
:10ECF0008DF93C98783005F089F93C992D982E9A39
:10ED000081F8F02081F8F120C1F8F42081F8042185
:10ED100081F80521C1F80C21C1F8102181F84A01C0
:10ED2000F6F75CF82D992E9A03463C98C0F8F83017
:10ED30006C9B83F83F106C9B5A60D0F8FC006C9B76
:10ED400098606C9802616C9882616C98C2616C9852
:10ED500002626C9842626C9882626C98C2626C9893
:10ED600002866C9880F832206C9802706C9880F85B
:10ED700035206C9880F833206C9880F8342068989F
:10ED800002F09EFE00F0FCBD3C9890F80401E8BB48
:10ED9000FFE73C986099C0F8FC10D0F8FC00F1F750
:10EDA000D6FC02463C982A920A462A9942EC101B4D
:10EDB00080ED4A0B00222B9280F830216C994A6436
:10EDC00001212C9180F8401180F8F01080F8F1209A
:10EDD000C0F83C21C0F8382190F84B2102F0010224
:10EDE00080F84A2180F84B1105F010F93C987830F2
:10EDF00005F00CF92B9A3C992C98C1F81C21C1F80C
:10EE00002021C1F8142181F80401FFE73C986C9A95
:10EE1000012182F848106C9959915A900DF27B109B
:10EE20005B9059A808F0B2F901463C988DF863113F
:10EE300090F83001C00750B1FFE79DF86301C007AB
:10EE400028B1FFE73C99002081F83001FFE73C98AA
:10EE5000D0F8F80028B9FFE73C996498C1F8F800A9
:10EE6000FFE73C996498D1F8F820801A579064988D
:10EE7000C1F8F8005798332803D3FFE732205790A2
:10EE8000FFE7679806F0E2FD51EC100BF1F772FC1A
:10EE90005690679806F0CEFD8DF856019DF8560104
:10EEA00000F001008DF85701669890ED030ADFED40
:10EEB000400A9FED401AFFF74DFC8DED540A9DED81
:10EEC000560A9DED541A0020B4EE410AF1EE10FAF4
:10EED000C8BF01208DF84F019DF8760100F00100B8
:10EEE0008DF84E019DF84E01C00720B1FFE79DF857
:10EEF000750129900DE09DF857110120C907289050
:10EF000021B9FFE79DF84F012890FFE72898299045
:10EF1000FFE73C98299901F001018DF84D1190F817
:10EF20000501A8B1FFE79DF84D01C00780B9FFE7D3
:10EF30003C9890F83001C00750B9FFE73C98002199
:10EF400080F805116C9A82F83510FFF7D7FBFFE7C0
:10EF50003C9890F8041100202790B1B1FFE79DF88C
:10EF60007B110020C907279079B1FFE73C9890F802
:10EF700005110020279041B9FFE7669890F820001E
:10EF8000B0FA80F040092790FFE73C98279901F0FC
:10EF900001018DF84C1190F8F000032826D1FFE70D
:10EFA0009DF87301C007E8B912E000BF00002042DD
:10EFB00000000000A4707D3F0000484200BF00BF79
:10EFC0000000000000408F408744E74A1857E63FA2
:10EFD0009DF84C01C00728B1FFE79DF84D01C0071F
:10EFE00020B9FFE73C98FFF789FBFFE79DF8730125
:10EFF000C007C8B1FFE73C980021C0F83C11C0F839
:10F00000381190F8F00028B1FFE73C99012081F811
:10F01000F000FFE73C99002081F8F100C1F8F4000E
:10F02000012081F84A01FFE79DF84C01C00760B953
:10F03000FFE73C99012081F84A010022C1F83C21F8
:10F04000C1F8382181F8F000FFE79DF84C01C007B6
:10F0500080B1FFE73C9890F84A01C00750B1FFE744
:10F060009DF84D01C00728B9FFE73C99002081F8C1
:10F070004A01FFE73C9890F84A110020C907269002
:10F0800021B9FFE79DF84D012690FFE7269800F093
:10F0900001008DF84B019DF84B01C00718B9FFE73F
:10F0A0000020259013E09DF84E01C00718B1FFE73E
:10F0B0000220249008E09DF85701C1070120002993
:10F0C00018BF03202490FFE724982590FFE73C9881
:10F0D00025998DF84A1190F84A0100F001006C99C9
:10F0E00081F83F009DF84B01C00728B1FFE73C992C
:10F0F000012081F84001FFE73C9890F8F0000146BC
:10F10000239102280AD3FFE72398C0B2022832D005
:10F11000FFE72398C0B2032852D063E03C99012056
:10F1200081F8F0009DF84B01C00718B3FFE73C9849
:10F1300090F8F100F0B9FFE73C996498C1F8F40049
:10F140006698007C01280CD1FFE73C99032081F8E8
:10F15000F000002081F83001C1F83C01C1F838010D
:10F1600007E03C98022180F8F0106C99FFF74CFA08
:10F17000FFE7FFE736E09DF84B01C00740B9FFE726
:10F180003C99012081F8F0000020C1F8F40016E05D
:10F190003C996498D1F8F410401A669949698842FC
:10F1A0000CD3FFE73C99032081F8F000002081F8A0
:10F1B0003001C1F83C01C1F83801FFE7FFE711E079
:10F1C0009DF84B01C00760B9FFE73C99012081F829
:10F1D000F0000020C1F8F400C1F83C01C1F838018A
:10F1E000FFE7FFE73C9890F8F000032840F0EF803D
:10F1F000FFE79DF84B01C007002800F0E880FFE71B
:10F200006698806951909DF84E01C00750BBFFE79A
:10F210009DF84F01C00728B3FFE7669890ED070AF5
:10F22000B5EE400AF1EE10FA1CDDFFE79DED560A3F
:10F230009DED542A30EE420AB7EE001A31EE422A12
:10F2400080EE020A5FEDA60AFFF784FA8DED500A00
:10F250009DED500A669890ED071A20EE010A8DED9B
:10F26000510AFFE79DED510A07F0C4FB002800F0AA
:10F27000AD80FFE79DED510AB5EE400AF1EE10FAC0
:10F2800040F3A480FFE79DED511A1FEDB50AB4EEDF
:10F29000401AF1EE10FAB8BFB0EE410A10EE100AB3
:10F2A000F1F755FA41EC100B8DED1A0B5798F1F769
:10F2B0000EFA9DED1A1B41EC100B51EC110B53ECA7
:10F2C000102BF1F7A5F841EC100B51EC100B1FEDD2
:10F2D000C40B53EC102BF1F70DF902463C981D922C
:10F2E0000A461D9942EC101B8DED4E0B9DED4E0B09
:10F2F00090ED4A1B8DED1E1B1FEDCD1B53EC112B0A
:10F3000051EC100BF1F784F89DED1E0B41EC110B45
:10F3100051EC110B53EC102BF0F7D3FF02463C9845
:10F3200021920A46219942EC101B80ED4A0B90ED88
:10F330004A0B51EC100BF1F71DFA01463C98C0F84E
:10F34000FC109DED4E0B90ED4E1B51EC110B53EC50
:10F35000102BF0F7B6FF02463C9822920A462299FB
:10F3600042EC101B80ED4E0BFFE73C9890ED4E0BEE
:10F370009FED651B53EC112B51EC100BF0F7A1FF27
:10F3800041EC100B51EC100B9FED610B53EC102B6B
:10F39000F1F73AF9C8B9FFE73C986C9A916B0131E3
:10F3A000916390ED4E0B9FED5C1B53EC112B51ECD8
:10F3B000100BF0F786FF02463C9819920A461999FD
:10F3C00042EC101B80ED4E0BCFE7FFE7FFE73C99C7
:10F3D0009DF84B0100F0010081F8F1009DF84B0110
:10F3E000C007A0B1FFE79DF84E01C00778B9FFE75D
:10F3F0009DF84F01C00750B1FFE79DF85701C007C6
:10F4000028B9FFE79DED560A8DED180A04E09FED3F
:10F41000440A8DED180AFFE79DED180A6C9880EDFF
:10F42000010A9DF84A016C9981F833009DF84E015C
:10F43000C00738B1FFE740F23040C2F20000407C24
:10F44000179002E000201790FFE73C9817996C9AFC
:10F4500082F8341090F8F0006C99087059A807F001
:10F4600095FE8DF837019DF83701C107022000296C
:10F4700018BF03206C9981F84000669890F820002E
:10F4800000284FD0FFE73C9890F84001C0070028C3
:10F4900048D0FFE73C990120169081F84801669812
:10F4A000B0F9220000EE100AB8EEC00AFFF7DCF84F
:10F4B00001463C98ADF8341104F0A8FD3C98783032
:10F4C00004F0A4FD16996C9A002010616C9A90616A
:10F4D0006C9AD0616C9A10626C9A50626C9A9062CD
:10F4E0006C9AD062BDF834016C9A10866C9A022036
:10F4F00082F832006C9A82F840006898BDF9342195
:10F5000002F0DEFA3CE200BF95D626E80B2E113E53
:10F51000000000000000F03F000000000000F0BF0D
:10F520000000000040F2B410C2F200000C9000682D
:10F53000F1F70DF902460C980B463C9943EC102B61
:10F5400081ED180B4068F1F702F902460C980B4662
:10F550003C9943EC102B81ED1A0B8068F1F7F7F81A
:10F5600002460C980B463C9943EC102B81ED1C0B8A
:10F570008069F1F7ECF802460C980B463C9943EC95
:10F58000102B81ED360BC069F1F7E1F802460C98BB
:10F590000B463C9943EC102B81ED380B006AF1F7D8
:10F5A000D6F83C9A03460C9802930B46029943EC1A
:10F5B000101B82ED3A0BC16891650069F1F7C7F83D
:10F5C0003C9A03460C9803930B46039943EC101B9B
:10F5D00082ED140B416A02F178031593C2F8D01042
:10F5E000806AF1F7B4F802460C980B463C9943EC5C
:10F5F000102B81ED320B90ED050ADFEDE20ACDED27
:10F600000D0A9FEDE11AFFF7A5F83C998DED4C0A24
:10F61000086E4A6E8B6ED1F86CC0D1F870E04C6FFA
:10F620004B94CDF828E1CDF824C1489347924690F9
:10F63000D1F8FC00D1F800110491F1F788F80246E6
:10F64000049805920A46059942EC101B8DED060BB5
:10F65000F1F77DF841EC100B8DED080B4C98F1F7AC
:10F6600076F89DED063B9DED084B02463C980B92CB
:10F670000A460B9942EC151B9DED460B9DED481B70
:10F680009DED4A2B04F0D8FC51EC100BF1F772F809
:10F6900001463C98C0F8141104F0AAFC0C98DDED6A
:10F6A0000D0A3C9A82ED470A6C994969C2F8181113
:10F6B00090ED0B0A9FEDB51AFFF74CF83C998DEDD4
:10F6C000450AD1F8D800D1F8DC20D1F8E030D1F8E3
:10F6D000E4C0D1F8E8E0D1F8EC404394CDF808E17B
:10F6E000CDF804C140933F923E90D1F81401D1F877
:10F6F00018110E91F1F72BF802460E980F920A4658
:10F700000F9942EC101B8DED100BF1F720F841EC36
:10F71000100B8DED120B4598F1F719F89DED103B8C
:10F720009DED124B0246159814920A46149942EC2C
:10F73000151B9DED3E0B9DED401B9DED422B04F0F6
:10F740007BFC51EC100BF1F715F80146159844912C
:10F7500004F04EFC3C9880ED480A669890F824002E
:10F76000002800F0BF80FFE73C9890F84001C007F8
:10F77000002800F0B780FFE79DF84B01C00768B98B
:10F78000FFE73C9890F83001C00738B9FFE73C9894
:10F7900090F80501002800F0A580FFE73C989DED5A
:10F7A000440AB0EEC00A669991ED0A1A9DED452A09
:10F7B00021EE021A0021B4EE410AF1EE10FA0A46D7
:10F7C000C8BF01228DF8F72090ED470AB0EEC00ABD
:10F7D000669A92ED0B1AB4EE410AF1EE10FAC8BF28
:10F7E00001218DF8F61090F8050108B3FFE73C9968
:10F7F0006498D1F80811401A6699496B884216D36B
:10F80000FFE73C980021019180F80511C0F808112C
:10F81000C0F80C11C0F8101104F0F8FB3C987830D7
:10F8200004F0F4FB01986C9981F83500FFE749E09A
:10F830009DF8F700C00740B1FFE73C99579AD1F80F
:10F840000C011044C1F80C0104E03C990020C1F8FF
:10F850000C01FFE79DF8F600C00740B1FFE73C99B7
:10F86000579AD1F810011044C1F8100104E03C99F6
:10F870000020C1F81001FFE79DF8F700C00700B3B2
:10F88000FFE79DF8F600C007D8B1FFE73C98D0F835
:10F890000C016699096B884213D3FFE73C98D0F8B6
:10F8A00010016699096B88420BD3FFE73C9A01204F
:10F8B00082F805016499C2F808116C9981F8350045
:10F8C000FFE7FFE73C9890F8050150B1FFE7669825
:10F8D000B0F9380000EE100AB8EEC00A8DED440A07
:10F8E000FFE707E03C996C9A002082F8350081F828
:10F8F0000501FFE79DED440AFEF7B6FE01463C9880
:10F90000ADF8F410D0F8FC106C9A9160D0F8141196
:10F910006C9A1161D0F81C116C9A9161D0F8141195
:10F920006C9AD161D0F820116C9A116290ED240B81
:10F9300051EC100BF0F71EFF01463C986C9A516297
:10F9400090ED260B51EC100BF0F714FF01463C989C
:10F950006C9A916290ED280B51EC100BF0F70AFFB6
:10F960006C99C862BDF8F4006C9908866C98012106
:10F9700080F832106898BDF9F42002F0A1F8FFE792
:10F980006AB010BD000000000000C8420000004541
:10F9900080B584B00390039802909FED371B8DEDE6
:10F9A000001BB0EE410AF0EE610A04F0A1FC0298DF
:10F9B0009DED002B6030B0EE420AF0EE620AB0EE30
:10F9C000421AF0EE621A04F0B3FC02989DED001B9F
:10F9D0007830B0EE410AF0EE610A04F089FC02983A
:10F9E0009DED002BD830B0EE420AF0EE620AB0EE88
:10F9F000421AF0EE621A04F09BFC0298002180F893
:10FA0000F01080F8F110C0F8F410C0F8F810C0F849
:10FA1000FC10C0F8001180F8041180F80511C0F83E
:10FA20000811C0F80C11C0F81011C0F81411C0F87A
:10FA30001811C0F81C11C0F82011C0F82C11C0F822
:10FA4000281180F83011C0F83C11C0F8381180F846
:10FA50004011C0F8441180F8481180F84911012282
:10FA600080F84A2180F84B1180F84C1180F84D1134
:10FA700080F84E1104B080BD0000000000000000BE
:10FA800010B59EB08DED1A3B8DED182B8DED161B2C
:10FA900015908DED140ACDED130A15980B9014995D
:10FAA000C0F818111399C0F81C1190ED460A90ED9A
:10FAB000471A30EE410A80ED480A90F8280160B9F3
:10FAC000FFE70B98783004F0A1FA0B990020C1F8F9
:10FAD0002001C1F824011D9052E00B9901F178003A
:10FAE00009901698179A189BDDF864C0DDF868E055
:10FAF0001B9C1194CDF840E0CDF83CC00E930D92C4
:10FB00000C90D1F8F0000290D1F81801D1F81C1136
:10FB10000091F0F71CFE0246009801920A460199F6
:10FB200042EC101B8DED040BF0F711FE024602981B
:10FB300003920A46039942EC101B8DED060BF0F779
:10FB400006FE9DED043B9DED064B024609980A9288
:10FB50000A460A9942EC151B9DED0C0B9DED0E1B00
:10FB60009DED102B04F068FA51EC100BF0F702FE3B
:10FB700001460B98C0F82411D0F824011D90FFE72E
:10FB80009DED1D0A1EB010BD80B584B003908DEDB3
:10FB9000020A039800900121019180F8081102994E
:10FBA000C0F80C1104F032FA0098783004F02EFA04
:10FBB0000099019881F8290104B080BD80B584B016
:10FBC00003908DED020A039800900021019180F8C6
:10FBD00008110299C0F81811783004F017FA00994A
:10FBE000019881F8290104B080BD000000000000E8
:10FBF00010B5D4B053908DF84B118DED510ACDED69
:10FC0000500A8DED4F1ACDED4E1A8DED4D2ACDEDEA
:10FC10004C2A53990F919DF84B0181F83501519869
:10FC2000C1F8F0005098C1F8F4004F98C1F8F800FE
:10FC30004E98C1F8FC004D98C1F800014C98C1F8ED
:10FC40000401D1F8F400D1F8F8100091F0F77FFD2D
:10FC50000246009801920A46019942EC101B8DED74
:10FC6000020BF0F774FD9DED020B41EC110B34A873
:10FC7000059004F03DFB0F98059960220B92F0F778
:10FC8000D4FA0F99D1F80001D1F804110691F0F7D8
:10FC90005EFD0246069807920A46079942EC101B41
:10FCA0008DED080BF0F753FD9DED080B41EC110BAA
:10FCB0001CA80A9004F01CFB0F980A990B9A783044
:10FCC000F0F7B3FA16A89FED302B8DED0C2BB0EEAC
:10FCD000420AF0EE620AB0EE421AF0EE621A04F046
:10FCE00027FB9DED0C2B0F991698179A189BDDF8A2
:10FCF00064C0DDF868E01B9C4C67C1F870E0C1F897
:10FD00006CC08B664A66086610A8B0EE420AF0EE38
:10FD1000620AB0EE421AF0EE621A04F009FB0F9983
:10FD20001098119A129BDDF84CC0DDF850E0159C3C
:10FD3000C1F8EC40C1F8E8E0C1F8E4C0C1F8E03037
:10FD4000C1F8DC20C1F8D8000020C1F80C01C1F8CE
:10FD50001001C1F81401C1F81801C1F81C01C1F863
:10FD60002001C1F8240181F8280181F8290181F8D6
:10FD7000080181F80901C1F82C01C1F8300181F8AE
:10FD8000340154B010BD00BF0000000000000000AE
:10FD900080B582B001900198009004F037F9009886
:10FDA000783004F033F900990020C1F82401C1F83B
:10FDB0001401C1F81801C1F8200102B080BD000093
:10FDC00080B582B001900198009090F8280140B968
:10FDD000FFE7009804F01AF90098783004F016F95B
:10FDE000FFE70099012081F8280102B080BD0000E2
:10FDF00010B5B8B036908DED350ACDED340A8DEDE5
:10FE0000331A36981D903499C0F810113399C0F800
:10FE10001C1190F8290140B9FFE71D993498C1F8E9
:10FE20000C01012081F8290104E01D993598C1F8E1
:10FE30000C01FFE71D9890F8280198B9FFE71D987D
:10FE400004F0E4F81D98783004F0E0F81D990020E3
:10FE5000C1F81401C1F82001C1F81801C1F824014A
:10FE6000379080E11D98D0F80C11329190F809017B
:10FE7000A8B1FFE71D9890ED430A90ED441A30EECB
:10FE8000410A00F09DFD1D988DED310A90ED440A68
:10FE90009DED311A30EE010A8DED320AFFE71D9813
:10FEA00090F80801002800F0AE80FFE7DDF874E06C
:10FEB000DEF86000DEF86410DEF86820DEF86C30F2
:10FEC000DEF870C0DEF874E0CDF8BCE0CDF8B8C064
:10FED0002D932C922B912A903298F0F738FC024601
:10FEE0001D9809920A46099942EC101B8DED0C0BE6
:10FEF000D0F8FC100A91D0F81001F0F728FC024667
:10FF00000A980B920A460B9942EC101B8DED0E0BD2
:10FF1000F0F71DFC9DED0C3B9DED0E4B02461D9830
:10FF200011920A46119942EC151B9DED2A0B9DED8D
:10FF30002C1B9DED2E2B04F07FF851EC100BF0F7ED
:10FF400019FC01461D98C0F8181104F051F81D99CC
:10FF500081ED450A01F178001C90D1F8D800D1F864
:10FF6000DC20D1F8E030D1F8E4C0D1F8E8E0D1F8F5
:10FF7000EC402994CDF8A0E0CDF89CC026932592C2
:10FF80002490D1F8F0001490D1F81801D1F81C1188
:10FF90001291F0F7DCFB0246129813920A4613996D
:10FFA00042EC101B8DED160BF0F7D1FB02461498B6
:10FFB00015920A46159942EC101B8DED180BF0F7BF
:10FFC000C6FB9DED163B9DED184B02461C981B92FF
:10FFD0000A461B9942EC151B9DED240B9DED261B3B
:10FFE0009DED282B04F028F851EC100BF0F7C2FB24
:10FFF0001D9A01461C98C2F8241103F0F9FF1D98C0
:020000040801F1
:1000000080ED480A59E0DDF874E0DEF86000DEF8C3
:100010006410DEF86820DEF86C30DEF870C0DEF8C0
:1000200074E0CDF88CE0CDF888C0219320921F9128
:100030001E903298F0F78BFB02461D9801920A46FB
:10004000019942EC101B8DED040BD0F8F0100291D9
:10005000D0F81001F0F77BFB0246029803920A46A3
:10006000039942EC101B8DED060BF0F770FB9DED34
:10007000043B9DED064B02461D9808920A460899DE
:1000800042EC151B9DED1E0B9DED201B9DED222BC3
:1000900003F0D2FF51EC100BF0F76CFB01461D98FA
:1000A000C0F8241103F0A4FF1D9981ED450A00203A
:1000B000C1F81801C1F82001FFE71D9890F834013C
:1000C000002846D0FFE71D9890F80801002840D08E
:1000D000FFE71D9890ED440A90ED4B1A8DED001A44
:1000E0000AF0F8F81D98B0EE401A9DED000A20EED7
:1000F000010A80ED4C0A90ED490A90ED4C1A30EE61
:10010000010A80ED490A90ED3C1A90ED490AB4EEDF
:10011000410AF1EE10FA06DDFFE71D99D1F8F00073
:10012000C1F82401FFE71D9890ED3C1A90ED490AB3
:10013000B1EE411AB4EE410AF1EE10FA08DAFFE727
:100140001D9890ED3C0AB1EE400A80ED490AFFE7A8
:1001500004E01D990020C1F83001FFE71D98D0F898
:1001600024013790FFE79DED370A38B010BD00003D
:1001700080B584B00390039801900021029180F82B
:10018000281180F8291103F041FF0198783003F01D
:100190003DFF01990298C1F82401C1F81801C1F886
:1001A000200104B080BD000080B584B003900398A6
:1001B00002909FED2F1B8DED001BB0EE410AF0EE7B
:1001C000610A04F095F802989DED002B6030B0EEC6
:1001D000420AF0EE620AB0EE421AF0EE621A04F041
:1001E000A7F802989DED001B7830B0EE410AF0EEC2
:1001F000610A04F07DF802989DED002BD830B0EE36
:10020000420AF0EE620AB0EE421AF0EE621A04F010
:100210008FF802980021C0F8F010C0F8F410C0F870
:10022000F810C0F8FC10C0F80011C0F8041180F8F4
:10023000081180F80911C0F80C11C0F81011C0F8AD
:100240001411C0F81811C0F81C11C0F82011C0F822
:10025000241180F8281180F82911C0F82C11C0F859
:10026000301180F83411012180F8351104B080BDBF
:10027000000000000000000080B586B004900391EB
:100280008DED020A039805F023F901900198007C96
:1002900018B1FFE70298059020E09DED020A019851
:1002A00090ED021AB4EE410AF1EE10FA04DDFFE718
:1002B00001988068059011E09DED020A019890ED8B
:1002C000011AB4EE410AF1EE10FA04DAFFE70198E0
:1002D0004068059002E002980590FFE79DED050A51
:1002E00006B080BD80B58AB00990099807900021BA
:1002F0000891DFED340ACDED030AF2EE041ACDEDDC
:10030000001AB7EE002A8DED042AF0EE002ACDED9A
:10031000012AB0EE610AB0EE621AFFF769FC079895
:100320000121069180F8091180F80811FFF748FDB6
:10033000DDED001ADDED012ADDED030A9DED042A55
:100340000699079800F59C700290B0EE610AB0EE35
:10035000621AFFF74DFC02980699079A82F840123C
:10036000FFF72EFDDDED030A9DED042A079800F549
:100370001C7005900221B3EE0C0AF1EE042AB0EED7
:10038000621AF0EE621AFFF733FC05980699079A95
:1003900082F87813FFF714FD069A07990898C1F8B8
:1003A000A803C1F8AC0381F8B02381F8B103C1F808
:1003B000B40381F8B20381F8B30381F8B8030AB03B
:1003C00080BD00BFCDCCCC3D80B59AB019901891BE
:1003D00017921693199809901798002800F09F809B
:1003E000FFE7099890F8080168BBFFE7189805F047
:1003F00065F8B8B1FFE7099890F8B20390B1FFE74C
:10040000099890F8B00368B1FFE70999D1F8A803FB
:10041000C1F81001D1F8AC03C1F81C01022081F829
:10042000B3030FE0189805F041F8099880ED440AED
:10043000189805F00BF8099981ED470A002081F81A
:10044000B303FFE76AE0189805F038F890B1FFE7CA
:10045000099890F8B20368B1FFE7099890F8B003E3
:1004600040B1FFE70999D1F8A8031590012081F860
:10047000B30309E0189805F019F809998DED150AEC
:10048000002081F8B303FFE7099890F8B20380B128
:10049000FFE7099890F8B00358B1FFE7099890F882
:1004A000B10330B9FFE7099890EDEB0A8DED080A2A
:1004B00005E0189804F0CAFF8DED080AFFE70998D7
:1004C0009DED080A8DED140AD0F80C1113919DEDE5
:1004D000130ADDED150A9DED141AFFF789FC8DED69
:1004E000120A179807909DED120A8DED060A1898CA
:1004F00004F0EEFF9DED060A0146079891ED031A00
:1005000020EE012A0121DFED681AB0EE610AF0EE5B
:10051000610AB0EE611A00F0EFFFFFE707E009980B
:10052000FFF736FC0999002081F8B303FFE717981D
:10053000002862D0FFE71898343004F0BFFF00288D
:1005400042D0FFE7099890F8B203E8B3FFE70998B3
:10055000D0F8B413119100F59C710391D0F84402C6
:1005600010901898343004F071FF03988DED0F0A45
:100570009DED100ADDED110A9DED0F1AFFF738FC15
:100580008DED0E0A179805909DED0E0A8DED040A6B
:100590001898343004F09CFF9DED040A014605983C
:1005A00091ED031A20EE012A0221DFED3F1AB0EE91
:1005B000610AF0EE610AB0EE611A00F09DFF099940
:1005C000012081F8B80317E0099800F59C70FFF747
:1005D000DFFB179802219FED342AB0EE420AF0EEBD
:1005E000420AB0EE421AF0EE421A00F085FF099975
:1005F000002081F8B803FFE709E0099800F59C7036
:10060000FFF7C6FB0999002081F8B803FFE71698A9
:10061000002841D0FFE71898683004F01FFF8DEDE7
:100620000D0A1898683004F011FF09988DED0C0A36
:100630001899683100F51C72009290EDDF0AFFF7FF
:100640001BFE00988DED0B0A9DED0B0ADDED0D0AEA
:100650009DED0C1AFFF7CCFB8DED0A0A169802905F
:100660009DED0A0A8DED010A1898683004F030FFFC
:100670009DED010A0146029891ED031A20EE012A30
:100680000121DFED091AB0EE610AF0EE610AB0EE69
:10069000611A00F0A5FB05E0099800F51C70FFF752
:1006A00077FBFFE71AB080BD0000000080B582B084
:1006B000019001980090FFF777FD009800F59C707D
:1006C000FFF772FD009800F51C70FFF76DFD0098B4
:1006D00002B080BD80B586B00590059801909FED71
:1006E000160A8DED020ADFED150A9FED151AF7EED9
:1006F000001A012100F0C4F8019834309FED110A6E
:10070000DFED110A9FED111AFFEE001ACDED031A6D
:100710000021049100F0B4F801989DED020ADDED8E
:10072000031A04996830DFED0A0A9FED0A1A00F0F7
:10073000A7F806B080BD00BF00000000DB0F49C075
:10074000DB0F494085EB613FFC1873BFE2E9253FB1
:10075000F90FC9BFF90FC93F80B596B01590149134
:100760001392159812901498002856D0FFE7149809
:100770000121079105F052F807998DED080A1498A8
:1007800005F090F807998DED090A149805F0ACF87A
:1007900007998DED0A0A149805F062F807998DED16
:1007A0000B0A149802F06CFA9DED080ADDED090AB7
:1007B0009DED0A1ADDED0B1A0146129800F084F83F
:1007C000129834301190149802210C9105F026F8FB
:1007D0000C998DED0D0A149805F064F80C998DEDC7
:1007E0000E0A149805F080F80C998DED0F0A1498F4
:1007F00005F036F80C998DED100A149802F040FAC5
:100800009DED0D0ADDED0E0A9DED0F1ADDED101ABE
:100810000146119800F058F8FFE7139868B3FFE716
:1008200012986830069013980121019104F04CFF52
:1008300001998DED020A139804F08AFF01998DED5C
:10084000030A139804F0A6FF01998DED040A13988A
:1008500004F05CFF01998DED050A139802F078F918
:100860009DED020ADDED030A9DED041ADDED051A8A
:100870000146069800F028F8FFE716B080BD00009A
:1008800087B002AA009202460098069280ED030A01
:10089000C0ED020A80ED011AC0ED001A8DF80710B4
:1008A0000699059808600498486003988860029843
:1008B000C8609DF8070000F001000874002048742B
:1008C00081F8310007B0704780B58AB005AA01925F
:1008D0000A460199029202460298099281ED030AA2
:1008E000C1ED020A81ED011AC1ED001A8DF8130065
:1008F00009980390089A426191ED020A90ED031A5B
:1009000020EE010A80ED090A069981620599C1620B
:100910009DF8131001F0010180F83010407C48B1BF
:10092000FFE7039908980860012081F83100002052
:100930004874FFE70398019991ED030A90ED002AAE
:1009400090ED031A30EE420A20EE010A80ED060A0D
:10095000007C48B1FFE7039890ED060A00F030F8FC
:10096000039880ED070A23E0039890ED021A90EDBA
:10097000060AB4EE410AF1EE10FA04DDFFE703992E
:100980008868C86113E0039890ED011A90ED060A9B
:10099000B4EE410AF1EE10FA04DAFFE70399486871
:1009A000C86103E003998869C861FFE7FFE7FFE7D3
:1009B0000AB080BD81B00090009801B0704700007F
:1009C00081B08DED000AFFE79DED000A9FED141A3E
:1009D000B4EE410AF1EE10FA09DDFFE79DED000AE1
:1009E0009FED121A30EE010A8DED000AECE7FFE7E9
:1009F0009DED000A9FED0B1AB4EE410AF1EE10FADC
:100A000009DAFFE79DED000A9FED071A30EE010AB3
:100A10008DED000AECE79DED000A01B0704700BFC4
:100A2000DB0F4940DB0F49C0DB0FC940DB0FC9C0FA
:100A300080B586B004908DF80F10049800909DF852
:100A40000F0028B1FFE79DF80F00022804DBFFE745
:100A500000208DF8170011E000986FF040710291AE
:100A60004FF0FF3101919DF80F1000EB8101496BB0
:100A700001AA00F093F98DF81700FFE79DF8170021
:100A800006B080BD80B586B004908DF80F10049834
:100A900000909DF80F0028B1FFE79DF80F00022895
:100AA00004DBFFE700208DF8170011E000986FF0DD
:100AB000007102914FF0FF3101919DF80F1000EB92
:100AC0008101496B01AA00F069F98DF81700FFE771
:100AD0009DF8170006B080BD80B58CB00B900A91D0
:100AE0000B98039000208DF82700FFE79DF8270062
:100AF000002800F35181FFE7039A0A988068116B80
:100B00009DF8273002EB8302526B1144884240F07B
:100B10003C81FFE703990A980890089890F800C074
:100B200001F1680001909DF827201301C25C02F0DA
:100B3000F00242EA1C12C254089A92F800C09DF8D2
:100B400027201301C25C02F00F0242EA0C12C254C9
:100B5000089A5378927842EA03229DF8273000EBF6
:100B600003135A80089BDA781B79120142EA131C9E
:100B70009DF8272000EB02139A8802F47042624429
:100B80009A80089A1379527903F00F0342EA032CF2
:100B90009DF8272000EB0213DA8802F470426244C9
:100BA000DA80089A92799DF8273000EB03131A72C5
:100BB000089AD2799DF8273000EB03135A729DF8FA
:100BC000272000EB0210408891ED0F0AD1ED100AAA
:100BD000102100F045FF019803990A1D02929DF82B
:100BE0002730C3EBC30302EB830282ED000A9DF8BA
:100BF000272000EB0210808891ED110AD1ED120A36
:100C00006FF31F300C21009100F02AFF009901982A
:100C1000039A029B9DF827C0CCEBCC0C03EB8C0312
:100C200083ED010A9DF8273000EB0310C08892ED98
:100C3000130AD2ED140A6FF31F3000F011FF019B6D
:100C4000039902989DF82720C2EBC20200EB8202B2
:100C500082ED020A9DF8272003EB02131B7A00EEB7
:100C6000103AB8EE400AC2EBC20200EB820282EDFB
:100C7000030A9DF82720C2EBC20200EB8203002288
:100C80001A6191ED0F1A91ED100A30EE410A8DEDC7
:100C9000070A9DED070AB6EE001A20EE010A8DED57
:100CA000060A9DF82710C1EBC10150F821100591EB
:100CB0009DED050A9DF82710C1EBC10100EB8100F5
:100CC00090ED061A30EE410A8DED040A9DED040AFE
:100CD0009DED061AB4EE410AF1EE10FA14DDFFE7BD
:100CE00003989DED040A9DED071A30EE411A9DF818
:100CF0002710C1EBC10100EB810090ED060A30EE38
:100D0000010A80ED060A30E09DED040A9DED061A09
:100D1000B1EE411AB4EE410AF1EE10FA14DAFFE72F
:100D200003989DED040A9DED071A30EE011A9DF817
:100D30002710C1EBC10100EB810090ED060A30EEF7
:100D4000010A80ED060A0FE003989DED041A9DF854
:100D50002710C1EBC10100EB810090ED060A30EED7
:100D6000010A80ED060AFFE7FFE7039805999DF861
:100D70002720C2EBC20200EB8202D1619DF827104E
:100D80000131C9B201F018FF06E0FFE79DF8270026
:100D900001308DF82700A9E60CB080BD80B58AB07F
:100DA00009900891079209980021069105910491F4
:100DB000039102910191089A03928DF818108DF811
:100DC000191008218DF81010079A116852680292C4
:100DD0000191C06A01680A6901A990470AB080BD03
:100DE00080B598B016908DF857108DED140ACDEDA2
:100DF000130A8DED121ACDED111A8DED102A1698E9
:100E000005909DF8570028B1FFE79DF8570002288C
:100E100004DBFFE700208DF85F00E7E0059890F81D
:100E20007C00C00728B1FFE79DED100A8DED040A94
:100E300009E005989DED100A90ED1E1A80EE010A5A
:100E40008DED040AFFE705989DED040A8DED0F0A6C
:100E5000002101910E910D910C910B910A91099134
:100E600000F1380203929DF8573002EB830252F8EA
:100E7000042C0B928DF838108DF8391008218DF85C
:100E800030109DED140AD0ED0F0A90ED101A1020CD
:100E900000F09EFD01460598ADF822109DED130A65
:100EA000D0ED110A90ED121A0C20029000F090FD86
:100EB000059902460298ADF820209DED120AD1ED69
:100EC000150A91ED161A00F083FD05990246029865
:100ED000ADF81E209DED110AD1ED170A91ED181AFB
:100EE00000F076FD059902460298ADF81C209DEDB4
:100EF0000F0AD1ED130A91ED141A00F069FD0146B5
:100F00000398ADF81A109DF823108DF82410BDF841
:100F100022108DF82510BDF8201009098DF8261033
:100F2000BDF820209DF81F1001F00F0141EA0211C9
:100F30008DF82710BDF81E108DF82810BDF81C1074
:100F400009098DF82910BDF81C209DF81B1001F02F
:100F50000F0141EA02118DF82A10BDF81A108DF820
:100F60002B109DF8571000EB810050F8040C00F096
:100F70000F000338B0FA80F040098DF819009DF891
:100F80001900C00740B1FFE742F27011C2F2000140
:100F9000086801300860FFE70598C06A01680A69BF
:100FA00009A990478DF818009DF81900C007B0B145
:100FB000FFE79DF81800C00740B1FFE742F2741147
:100FC000C2F2000108680130086007E042F26C11CB
:100FD000C2F20001086801300860FFE7FFE79DF8F2
:100FE000180000F001008DF85F00FFE79DF85F003A
:100FF00018B080BD80B592B010900F910E921098ED
:101000000790119001F0F6FD07994AF60C70C0F6B2
:101010000100083008600F98C8620E98086301F15B
:101020003400383108910990FFE70999089A0020A7
:1010300041F8040B084691420990F6D1FFE7079961
:1010400001F138003C3105910690FFE70699059AB9
:10105000002041F8040B084691420690F6D1FFE7C4
:10106000079900200290C863086448648864C864D3
:10107000086548658865C865086601F168007831CB
:1010800003910490FFE70498039A0190017801F01E
:10109000F0010170017801F00F0101700021418021
:1010A000838803F470438380C38803F47043C38050
:1010B0000172417200F11001084691420490E2D1A0
:1010C000FFE707994FF07E508867002081F87C0089
:1010D0008DF83700FFE79DF83700002818DCFFE7A0
:1010E0000AA86421FCF730FC07989DF8371001EB43
:1010F000410100EB81010A980B9A0C9B8B624A62BA
:101100000862FFE79DF8370001308DF83700E2E70D
:10111000119812B080BD000080B582B00190019896
:10112000009000F007F80098802106F09DF802B0CA
:1011300080BD000080B582B001900198009001F060
:1011400099FD009802B080BD80B586B004908DF8FE
:101150000F10049800909DF80F0028B1FFE79DF84C
:101160000F00032804DBFFE700208DF8170011E0D3
:1011700000986FF0407102914FF0FF3101919DF89E
:101180000F1000EB8101096E01AA00F093F98DF8B0
:101190001700FFE79DF8170006B080BD80B586B048
:1011A00004908DF80F10049800909DF80F0028B15E
:1011B000FFE79DF80F00032804DBFFE700208DF810
:1011C000170011E000986FF0007102914FF0FF31AD
:1011D00001919DF80F1000EB8101096E01AA00F04A
:1011E00069F98DF81700FFE79DF8170006B080BD7C
:1011F00080B58CB00B900A910B98039000208DF86D
:101200002700FFE79DF82700012800F35181FFE741
:10121000039A0A988068916D9DF8273002EB83024B
:10122000D26D1144884240F03C81FFE703990A984F
:101230000890089890F800C001F1980001909DF87E
:1012400027201301C25C02F0F00242EA1C12C254D1
:10125000089A92F800C09DF827201301C25C02F0A2
:101260000F0242EA0C12C254089A5378927842EA6A
:1012700003229DF8273000EB03135A80089BDA788D
:101280001B79120142EA131C9DF8272000EB021380
:101290009A8802F4704262449A80089A13795279CB
:1012A00003F00F0342EA032C9DF8272000EB021302
:1012B000DA8802F470426244DA80089A92799DF8E2
:1012C000273000EB03131A72089AD2799DF8273061
:1012D00000EB03135A729DF8272000EB02104088A0
:1012E00091ED1B0AD1ED1C0A102100F0B9FB019809
:1012F00003990A1D02929DF82730C3EBC30302EB4A
:10130000830282ED000A9DF8272000EB02108088FE
:1013100091ED1D0AD1ED1E0A6FF31F300C210091D3
:1013200000F09EFB00990198039A029B9DF827C04C
:10133000CCEBCC0C03EB8C0383ED010A9DF827303A
:1013400000EB0310C08892ED1F0AD2ED200A6FF364
:101350001F3000F085FB019B039902989DF8272020
:10136000C2EBC20200EB820282ED020A9DF8272046
:1013700003EB02131B7A00EE103AB8EE400AC2EB00
:10138000C20200EB820282ED030A9DF82720C2EB25
:10139000C20200EB820300221A6191ED1B1A91ED4B
:1013A0001C0A30EE410A8DED070A9DED070AB6EEE4
:1013B000001A20EE010A8DED060A9DF82710C1EBF8
:1013C000C10150F8211005919DED050A9DF82710E7
:1013D000C1EBC10100EB810090ED061A30EE410A2D
:1013E0008DED040A9DED040A9DED061AB4EE410A46
:1013F000F1EE10FA14DDFFE703989DED040A9DED70
:10140000071A30EE411A9DF82710C1EBC10100EB1D
:10141000810090ED060A30EE010A80ED060A30E008
:101420009DED040A9DED061AB1EE411AB4EE410A93
:10143000F1EE10FA14DAFFE703989DED040A9DED32
:10144000071A30EE011A9DF82710C1EBC10100EB1D
:10145000810090ED060A30EE010A80ED060A0FE0E9
:1014600003989DED041A9DF82710C1EBC10100EB14
:10147000810090ED060A30EE010A80ED060AFFE7D2
:10148000FFE7039805999DF82720C2EBC20200EB05
:101490008202D1619DF827100131C9B201F024FC0C
:1014A00006E0FFE79DF8270001308DF82700A9E648
:1014B0000CB080BD80B58AB0099008910792099858
:1014C0000021069105910491039102910191089ADE
:1014D00003928DF818108DF8191008218DF810104E
:1014E000079A1168526802920191406D01680A6979
:1014F00001A990470AB080BD80B596B014908DF8D0
:101500004F108DED120ACDED110A8DED101ACDEDB3
:101510000F1A8DED0E2A149803909DF84F0028B1F4
:10152000FFE79DF84F00032804DBFFE700208DF85C
:101530005700AFE0039890F8BC00C00728B1FFE760
:101540009DED0E0A8DED020A09E003989DED0E0A4D
:1015500090ED2E1A80EE010A8DED020AFFE7039846
:101560009DED020A8DED0D0A002101910C910B9168
:101570000A910991089107919DF84F2000EB820292
:10158000126E09928DF830108DF8311008218DF807
:1015900028109DED120AD0ED1B0A90ED1C1A1020A8
:1015A00000F016FA01460398ADF81A109DED110AE5
:1015B000D0ED1D0A90ED1E1A0C20009000F008FAE4
:1015C000039902460098ADF818209DED100AD1ED60
:1015D000210A91ED221A00F0FBF9039902460098C6
:1015E000ADF816209DED0F0AD1ED230A91ED241AD6
:1015F00000F0EEF9039902460098ADF814209DED35
:101600000D0AD1ED1F0A91ED201A00F0E1F90199C0
:1016100002460398ADF812209DF81B208DF81C207F
:10162000BDF81A208DF81D20BDF8182012098DF87C
:101630001E20BDF818309DF8172002F00F0242EA74
:1016400003128DF81F20BDF816208DF82020BDF85C
:10165000142012098DF82120BDF814309DF81320B4
:1016600002F00F0242EA03128DF82220BDF8122088
:101670008DF823208DF81110406D01680A6907A9C3
:1016800090478DF810009DF8100000F001008DF8D3
:101690005700FFE79DF8570016B080BD80B592B0A7
:1016A00010900F910E9210980790119001F03AFB54
:1016B00007994AF62070C0F60100083008600F98BC
:1016C00048650E98886501F15C00643108910990C5
:1016D000FFE70999089A002041F8040B0846914257
:1016E0000990F6D1FFE7079901F164006C3105918B
:1016F0000690FFE70699059A002041F8040B08467A
:1017000091420690F6D1FFE7079900200290C86643
:10171000086748678867C867C1F88000C1F8840017
:10172000C1F88800C1F88C00C1F8900001F1980060
:10173000B83103910490FFE70498039A019001786F
:1017400001F0F0010170017801F00F01017000213A
:101750004180838803F470438380C38803F470431B
:10176000C3800172417200F1100108469142049059
:10177000E2D1FFE707994FF07E50C1F8B800002092
:1017800081F8BC008DF83700FFE79DF8370001288D
:1017900018DCFFE70AA86421FCF7D6F807989DF843
:1017A000371001EB410100EB81010A980B9A0C9B69
:1017B0004B640A64C863FFE79DF8370001308DF879
:1017C0003700E2E7119812B080BD000080B582B00A
:1017D00001900198009000F007F80098C02105F0F2
:1017E00043FD02B080BD000080B582B00190019839
:1017F000009001F0D7FA009802B080BDB0B58EB06D
:101800000D900C910B920D9800900C990B9AFFF78C
:1018100045FF00984AF63471C0F6010108310160B5
:101820000021CCF2481101910021C4F2481102912B
:101830000021CCF2F01103910021C4F2F0110491C7
:101840000021CCF2201105910021C4F22011069153
:10185000002207920023C4F2FA330893099200226F
:10186000C4F2A0020A92019A029BDDF80CC0DDF8D6
:1018700010E0059C069DC0F88050C467C0F878E071
:10188000C0F874C00367C266079A089BDDF824C0DD
:10189000DDF828E0C0F890E0C0F88CC0C0F88830CF
:1018A000C0F88420C0F8B8100422C2650221016685
:1018B000426681660EB0B0BD80B582B001900198DD
:1018C000009000F007F80098C02105F0CDFC02B0B0
:1018D00080BD000080B582B0019001980090FFF7B4
:1018E00083FF009802B080BD10B58EB00D900C91B2
:1018F0000B920D9800900C990B9AFFF77BFB0098C8
:101900004AF64871C0F60101083101600021CCF2AD
:10191000481101910021C4F2481102910021CCF23A
:10192000201103910021C4F2201104910021CCF276
:10193000E01105910021C4F2E01106910021079108
:101940000022C4F2FA32089209910021C4F2A001E7
:101950000A910199029A039BDDF810C0DDF814E0AA
:10196000069C0465C0F84CE0C0F848C043640264BB
:10197000C1630799089A099BDDF828C0C0F860C0C8
:10198000C365826541650021C4F220218167012180
:1019900080F87C100321416381630EB010BD00000C
:1019A00080B582B001900198009000F007F800988F
:1019B000802105F059FC02B080BD000080B582B0E6
:1019C000019001980090FFF7B5FB009802B080BD30
:1019D00086B08DED050ACDED040A8DED031A029057
:1019E0009DED030A9DED041A30EE410A8DED010ACA
:1019F000049800909DED050A9DED031AB4EE410A8E
:101A0000F1EE10FA03DDFFE7039805900DE09DED80
:101A1000050A9DED041AB4EE410AF1EE10FA03DA5C
:101A2000FFE704980590FFE7FFE79DED050A9DEDB0
:101A3000001A30EE410A029901208840013801EE77
:101A4000100AB8EEC11A20EE010A9DED011A80EECF
:101A5000010ABDEEC00A10EE100A06B07047000081
:101A600087B0ADF81A008DED050ACDED040A03919B
:101A70009DED040A9DED051A30EE410A8DED020A36
:101A800005980190BDF81A0000EE100AB8EE400A61
:101A9000039901208840013801EE100AB8EEC11AFE
:101AA00080EE010A8DED000A9DED000A9DED022AEF
:101AB0009DED011A20EE020A30EE010A07B07047D0
:101AC00080B586B004908DF80F10ADF80C20049806
:101AD00000909DF80F0028B1FFE79DF80F00022845
:101AE00004DBFFE700208DF8170031E0BDF90C00A2
:101AF000B0F5006F05DDFFE74FF40060ADF80C00B6
:101B0000FFE7BDF90C0010F5006F05DAFFE74FF4B1
:101B10007840ADF80C00FFE7009800210291019198
:101B2000A1218DF80410BDF80C108DF808109DF857
:101B30000D108DF80910018E9DF80F2000EB820228
:101B4000126B114401AA00F02FFA8DF81700FFE77D
:101B50009DF8170006B080BD80B586B004908DF862
:101B60000F10049800909DF80F0028B1FFE79DF832
:101B70000F00022804DBFFE700208DF8170011E0BA
:101B800000980021029188210191018E9DF80F207B
:101B900000EB8202126B114401AA00F005FA8DF8E5
:101BA0001700FFE79DF8170006B080BD0000000099
:101BB00080B598B017901691179808901698007BEA
:101BC00008280AD1FFE71698407DC00728B9FFE72B
:101BD0001698007DC00708B1FFE7DBE100208DF813
:101BE0005700FFE79DF85700002800F3D381FFE777
:101BF000089A16988068118E9DF857301A4492F80A
:101C000032201144884240F0BE81FFE716981490BC
:101C1000149800788DF84F009DF84F00922840F0FE
:101C2000C680FFE70020119010908DF83F00FFE77D
:101C30009DF83F00062827DCFFE714989DF83FE059
:101C4000704441784FEACE026FF01F0000EBCE00E7
:101C500001FA00FC2023A3EBCE0321FA03F30028B2
:101C600058BF634601FA02F2002858BF00221098BC
:101C700011991943104311911090FFE79DF83F000F
:101C800001308DF83F00D3E70898109A11994FEA78
:101C9000012C01F17F43BCF1000F48BF19460C92A3
:101CA0000D919DF8571000EB411080300B900C986F
:101CB0000D9A0B994A6008600C980D99EEF714FD87
:101CC0000246089803920A46039942EC101B8DEDD8
:101CD000040B806BEEF73BFD41EC100B9FEDAE1B50
:101CE00053EC112B51EC100BEEF792FB9DED040B16
:101CF00041EC110B53EC112B51EC100BEEF7FAFBEE
:101D00000246089807920A46079942EC101B0B9965
:101D100081ED020B9DF8571000EB8101D1F8A41062
:101D20000B9A11619DF85710084490F8AC0060B10F
:101D3000FFE708989DF85710C1EBC10100EB810047
:101D400090ED020A8DED020A04E09FED960A8DEDFA
:101D5000020AFFE79DED020A0B9880ED050AF3F7F2
:101D60003DF8014608980B9A91610B9A0121117771
:101D70009DF85710084490F8AC100020019081B1F4
:101D8000FFE708990B9880699DF8572001EB8201C5
:101D9000D1F8A010411A0020152938BF0120019068
:101DA000FFE701980B9900F001004877F2E09DF8F9
:101DB0004F0094285FD1FFE70898149949680A9169
:101DC0009DF8571001EB810100EB81006C30099008
:101DD0000A9948F6A04200209142014638BF0121ED
:101DE000099A1174099948740998007CC007002861
:101DF00040D0FFE708980A99099A11609DED0A0AF8
:101E0000B8EE400A90ED0E1A9FED652A21EE021AF7
:101E100080EE010A099981ED010A9DF8571000EB47
:101E20008100D0F8A40009998860F2F7D7FF014635
:101E30000898099AD1609DF85710084490F8AC10A2
:101E40000020009081B1FFE708990998C0689DF8CB
:101E5000572001EB8201D1F8A010411A002015296A
:101E600038BF01200090FFE70098099900F00100B9
:101E70004874FFE78EE09DF84F009A2805D0FFE7F1
:101E80009DF84F009B2828D1FFE7089814994978BE
:101E900064309DF8572002EB420200F81210149AA9
:101EA000D178127941EA02219DF8572002EB4202D3
:101EB00000EB420251801499C9799DF8572002EB3A
:101EC000420200EB420211719DF8571001EB4101F3
:101ED00000EB41010120487154E09DF84F009C281F
:101EE0000AD0FFE79DF84F00A1284ADBFFE79DF8E5
:101EF0004F00A82845DCFFE708989DF84F1000F137
:101F00005C029DF8573002F83310149949789DF817
:101F1000573002EBC3035970149B9978DB7841EA80
:101F200003219DF8573002EBC3035980149B1979A4
:101F30005B7941EA03219DF8573002EBC303998096
:101F4000149B9979DB7941EA03219DF8573002EB24
:101F5000C303D9809DF8571002EBC10200F07EF850
:101F6000F2F73CFF014608989DF8572000EB8202EB
:101F7000C2F8A0109DF857100131C9B200F01CFE44
:101F8000FFE7FFE706E0FFE79DF8570001308DF817
:101F9000570027E618B080BD00000000000059403F
:101FA0000000C8420000000080B58AB00990089186
:101FB00007920998002106910591049103910291DD
:101FC0000191089A03928DF818108DF819100821C4
:101FD0008DF81010079A1168526802920191C06A38
:101FE00001680A6901A990470AB080BD81B08DEDF2
:101FF000000AFFE79DED000A9FED141AB4EE410AB6
:10200000F1EE10FA09DDFFE79DED000A9FED121ACF
:1020100030EE010A8DED000AECE7FFE79DED000AC6
:102020009FED0B1AB4EE410AF1EE10FA09DAFFE760
:102030009DED000A9FED071A30EE010A8DED000AB2
:10204000ECE79DED000A01B0704700BFDB0F49408F
:10205000DB0F49C0DB0FC940DB0FC9C080B588B0BA
:10206000079006910592079801900599C98800EE9E
:10207000101AB8EEC00A90ED131A20EE010A9FED77
:10208000451A20EE010A8DED040A049A011D069BF3
:10209000C3EBC30341F82320059AB2F9042000EEF4
:1020A000102AB8EEC00A90ED141A20EE010A069A22
:1020B000C2EBC20201EB820282ED010A059AB2F97B
:1020C000022000EE102AB8EEC00A90ED151A20EE9C
:1020D000010A069AC2EBC20201EB820282ED020AF9
:1020E000059A527800EE102AB8EE400A069AC2EB22
:1020F000C20201EB820282ED030A069AC2EBC2021F
:1021000001EB8202002111610699084490F8AC00AD
:1021100098B9FFE70198069900EB81020021C2F807
:10212000A4100499069A00EB8202C2F8A81006993E
:102130000144012081F8AC0029E001989DED040ADA
:10214000A8300090069900EB810090ED001A30EE67
:10215000410AFFF74BFF019800998DED030A9DEDB1
:10216000030A90ED0E1A80EE010A8DED020A9DED34
:10217000021A069A00EB820090ED290A30EE010A5D
:1021800080ED290A0498069A41F82200FFE708B07A
:1021900080BD00BF35FA8E3CB0B5A2B0DDF89CC062
:1021A000DDF898C020901F91ADF87A201D932098FB
:1021B0001690219000F01EFD16994AF65C70C0F64C
:1021C0000100083008601F98C862BDF87A000886D0
:1021D00001F13200333117911890FFE71899179ADF
:1021E000002001F8010B084691421890F6D1FFE754
:1021F000169901F13400383114911590FFE71599C3
:10220000149A002041F8040B084691421590F6D12B
:10221000FFE71699279B119318685A68D3F808C0EE
:10222000D3F80CE01C695D69CD648C64C1F844E0AE
:10223000C1F840C0CA6388639869DA691B6A8B6514
:102240004A65086501F15C00643112911390FFE763
:102250001398129A00210170417041808180C180E1
:1022600000F10801084691421390F1D1FFE7169959
:1022700001F164006A310F911090FFE710980F9AF6
:1022800000210170418001714171811D0846914218
:102290001090F3D1FFE7169901F16C0080310D9198
:1022A0000E90FFE70E980D9A002101604160816059
:1022B000C1600174417400F11401084691420E900E
:1022C000F0D1FFE7169901F18000A0310B910C903D
:1022D000FFE70C980B9A099000210A914160016078
:1022E000C16081600161416181610177417700F1E5
:1022F0002001084691420C90EBD1FFE7169901F1BD
:10230000A000A43107910890FFE70899079A0020E0
:1023100041F8040B084691420890F6D1FFE7169960
:1023200001F1A400A83105910690FFE70699059AEE
:10233000002041F8040B084691420690F6D1FFE7D1
:10234000169901F1A800AC3103910490FFE70499BC
:10235000039A002041F8040B084691420490F6D1FC
:10236000FFE7169901F1AC00AD3101910290FFE752
:102370000299019A002001F8010B0846914202904F
:10238000F6D1FFE700208DF87300FFE79DF873009A
:10239000002828DCFFE716991D989DF87320805CC3
:1023A0000A4482F8320026989DF8732050F82200E3
:1023B00001EB8201486319A8C821FBF7C5FA1698FA
:1023C0009DF8731001EB410100EB810119981A9AF5
:1023D0001B9B8B624A620862FFE79DF87300013025
:1023E0008DF87300D2E7219822B0B0BD80B582B0DD
:1023F00001900198009000F007F80098B02104F0D7
:1024000033FF02B080BD000080B582B0019001981A
:10241000009000F02FFC009802B080BD86B00590BF
:102420008DED040ACDED030A8DED021ACDED011AF2
:102430008DED002A05980499016003994160029985
:1024400081600199C1600099016190ED041A9FEDCE
:10245000160A80EE010A80ED050A90ED001AB7EE2B
:10246000000A80EE010A9FED111A20EE010A80EDAC
:10247000060A90ED001A90ED012A90ED023A90EDD7
:10248000030A80EE030A20EE020A20EE010A80ED24
:10249000070A90ED021A90ED030A80EE010A80ED22
:1024A000080A06B0704700BF0000B44335FA8E3CFE
:1024B00080B592B0119010918DF83F201198049042
:1024C000109803909DF83F008DF83E009DF83F0066
:1024D0000E9005A80290B2EE040ADFED100A9FEDFF
:1024E000101AF1EE001A9FED0F2AFFF797FF0498DC
:1024F000029A03996B465A600EAA1A604FF4A072B2
:102500000DF13E03FFF748FE04984AF67071C0F6DD
:1025100001010831016012B080BD00BF8FC2753D5E
:10252000000000450000804780B582B0019001980E
:10253000009000F007F80098B02104F095FE02B07A
:1025400080BD000080B582B0019001980090FFF737
:102550005BFF009802B080BD84B003908DF80B1033
:10256000ADF80820039800909DF80B0028B1FFE714
:102570009DF80B00052801DBFFE716E000999DF8A8
:102580000B206FF0010000EB42008DF807009DF872
:10259000090001F170029DF807105054BDF80800C1
:1025A0009DF8071011444870FFE704B07047000021
:1025B00080B584B0039002910398009002988068DF
:1025C000ADF8060000208DF80500FFE79DF8050036
:1025D000012848DCFFE7009ABDF80600B2F8581061
:1025E0009DF805301A4492F85A20114489B2884265
:1025F00032D1FFE7009800F160019DF805E001EBA2
:10260000CE03029AD2F800C0526841F83EC05A6028
:102610009DF8053031F8332012BA120C21F833201E
:102620009DF8052001EBC2035A8812BA120C5A8099
:102630009DF8052001EBC202918809BA090C91802E
:102640009DF8051000F02CF800989DF80510013158
:10265000C9B200F049FB06E0FFE79DF80500013034
:102660008DF80500B2E704B080BD000080B588B0E9
:1026700007900798C16D039108218DF81010002173
:102680008DF818108DF81910016F426F02920191A8
:10269000406D01680A6901A9904708B080BD00003B
:1026A00086B005908DF813100598009000F1880110
:1026B00003919DF8131000EBC101B1F9601000EE19
:1026C000101AB8EEC00A039991ED051A20EE010A1E
:1026D0008DED020A9DF8131000EB8100D0F8BC00CC
:1026E00001909DED020A9DED011A30EE410A9FED29
:1026F000611AB4EE410AF1EE10FA1BDAFFE7009816
:102700009DED011A9FED5E0A30EE410A9DED021A21
:1027100030EE010A039991ED0A2A9DF8131000EB9F
:10272000810090ED2D1A20EE020A30EE010A80EDB4
:102730002D0A40E09DED020A9DED011A30EE410A9E
:102740009FED4D1AB4EE410AF1EE10FA1BDDFFE7E2
:1027500000989DED020A9FED491A30EE010A9DEDA9
:10276000011A30EE411A039991ED0A2A9DF81310CF
:1027700000EB810090ED2D0A21EE021A30EE010AE5
:1027800080ED2D0A16E000989DED020A9DED011ADC
:1027900030EE410A039991ED0A2A9DF8131000EBDF
:1027A000810090ED2D1A20EE020A30EE010A80ED34
:1027B0002D0AFFE7FFE7009902989DF8132001EB2F
:1027C0008202C2F8BC009DF8132001EB820090ED5C
:1027D0002D0A9FED2C1A20EE010A081DC2EBC20241
:1027E00000EB820282ED000A01F160029DF81310F5
:1027F00002EBC103B3F9023000EE103AB8EEC00AA2
:10280000039B93ED071A20EE010AC1EBC10100EB17
:10281000810181ED010A9DF8131002EBC103B3F9A8
:10282000043000EE103AB8EEC00A039B93ED081A8C
:1028300020EE010AC1EBC10100EB810181ED020A2A
:102840009DF8131002EBC102927900EE102AB8EE47
:10285000400AC1EBC10100EB810181ED030A9DF843
:102860001310C1EBC10100EB81010020086106B02B
:10287000704700BF000034C3000034430000B4C3FD
:102880000000B44335FA8E3CB0B590B0DDF854C0CA
:10289000DDF850C00E900D91ADF832200B930E98DC
:1028A00003900F9000F03EFA03994AF68470C0F648
:1028B0000100083008600D984865BDF83200A1F8A5
:1028C00058001498C865DDF854E0CDF810E0DEF843
:1028D0000000DEF80420DEF80830DEF80CC0DEF878
:1028E0001040DEF81450C1F89C50C1F89840C1F86F
:1028F00094C0C1F89030C1F88C20C1F88800DEF88F
:102900001800DEF81C20DEF82030DEF824C0DEF8E7
:1029100028E0C1F8B0E0C1F8ACC0C1F8A830C1F8F7
:10292000A420C1F8A00001F1B400BC3105910690CB
:10293000FFE70699059A002041F8040B08469142EA
:102940000690F6D1FFE7039901F1BC00C431019173
:102950000290FFE70299019A002041F8040B084613
:1029600091420290F6D1FFE700208DF82B00FFE79F
:102970009DF82B00012820DCFFE703990B989DF8B8
:102980002B20805C114481F85A0007A86421FAF7D3
:10299000DBFF03989DF82B1001EB410100EB810157
:1029A0000798089A099B4B640A64C863FFE79DF87F
:1029B0002B0001308DF82B00DAE7039900204867DF
:1029C00008670F9810B0B0BD80B582B00190019833
:1029D000009000F007F80098C82104F045FC02B010
:1029E00080BD000080B582B001900198009000F099
:1029F000D9F9009802B080BD86B005908DED040A2B
:102A0000CDED030A8DED021ACDED011A8DED002AF0
:102A100005980499016003994160029981600199C8
:102A2000C1600099016190ED041A9FED1C0A80EECF
:102A3000010A80ED050A90ED001AB7EE000A80EE5B
:102A4000011A80ED061A90ED001A80EE011A9FED32
:102A5000142A21EE021A80ED071A90ED002A90ED5B
:102A6000013A90ED024A90ED031A81EE041A21EE2C
:102A7000031A21EE021A80ED081A90ED022A90ED59
:102A8000031A81EE021A80ED091A90ED001A80EE09
:102A9000010A80ED0A0A06B0704700BF0000B44387
:102AA0005077D63D10B596B0DDF860C01590149102
:102AB000ADF84E2012931598069014980390BDF827
:102AC0004E000490129805901898029007ACB7EE4B
:102AD000000ADFED100A9FED101AF3EE041A9FEDC5
:102AE0000F2A2046FFF788FF0698DDF808C00399F3
:102AF000049A059BEE46CEF80440CEF800C0FFF7DE
:102B0000C3FE06984AF69871C0F6010108310160CB
:102B100016B010BD9A99993E00008046000000460C
:102B200080B582B001900198009000F007F80098FD
:102B3000C82104F099FB02B080BD000080B582B0CE
:102B4000019001980090FFF74DFF009802B080BD02
:102B500080B586B004908DF80F10049802909DF80F
:102B60000F0028B1FFE79DF80F00022804DBFFE704
:102B700000208DF817001BE00298203001909DF88E
:102B80000F1001EB410100EB81000C38FAF7A4FEB5
:102B900001989DF80F1001EB410100EB81000C380A
:102BA00002F0ACFBB0FA80F040098DF81700FFE7A7
:102BB0009DF8170006B080BD80B584B003908DF8F5
:102BC0000B10039801909DF80B00012810DBFFE724
:102BD0009DF80B0001280BDCFFE701989DF80B1016
:102BE00001EB410100EB81001430FAF7A1FEFFE791
:102BF00004B080BD80B58AB008900898059009900F
:102C00004AF6AC71C0F6010101F10802014641F833
:102C1000202B043006910790FFE70798069A04904E
:102C20000021816141610161C16081604160016099
:102C300000F11C01084691420790EED1FFE705998B
:102C400001F120002C3102910390FFE703980190DD
:102C5000FAF786FE0198029A00F10C0108469142AB
:102C60000390F3D1FFE709980AB080BD81B00090CE
:102C7000FEDE000081B00090009801B070470000B7
:102C800080B586B004908DF80F10049802909DF8DE
:102C90000F0028B1FFE79DF80F00032804DBFFE7D2
:102CA00000208DF817001BE002983C3001909DF841
:102CB0000F1001EB410100EB81000C38FAF70CFE1C
:102CC00001989DF80F1001EB410100EB81000C38D9
:102CD00002F014FBB0FA80F040098DF81700FFE70E
:102CE0009DF8170006B080BD80B584B003908DF8C4
:102CF0000B10039801909DF80B00012810DBFFE7F3
:102D00009DF80B0002280BDCFFE701989DF80B10E3
:102D100001EB410100EB81003030FAF709FEFFE7DB
:102D200004B080BD80B58AB00890089805900990DD
:102D30004AF6C071C0F6010101F10802014641F8EE
:102D40003C2B043006910790FFE70798069A049001
:102D50000021816141610161C16081604160016068
:102D600000F11C01084691420790EED1FFE705995A
:102D700001F13C00543102910390FFE70398019068
:102D8000FAF7EEFD0198029A00F10C010846914213
:102D90000390F3D1FFE709980AB080BD81B000909D
:102DA000FEDE000081B00090009801B07047000086
:102DB00080B58CB00B900B98059018300A900A984B
:102DC0000068C0F3CA210DF12700039004F028FA2F
:102DD0000398059981ED0E0B0A9909686FF3DF21BD
:102DE00004F01EFA0398059981ED0C0B0A994968C5
:102DF000C1F34A0104F014FA0398059981ED120B0E
:102E00000A9A11685268890D41EA82216FF3DF2125
:102E100004F006FA059880ED100B0A994968C1F391
:102E2000013101660A994968C1F381314166203058
:102E300008900898B0F90000EDF738FC41EC100B51
:102E400051EC100B9FED280B53EC102B02930192C9
:102E5000EDF750FB0246059800920A46009942ECB5
:102E6000101B80ED140B0898B0F90200EDF71EFC62
:102E7000019A029B41EC100B51EC100BEDF73AFB61
:102E8000059A0346039804930B46049943EC101BE0
:102E900082ED160B0899897901F0010392F8681008
:102EA00001F0FE01194482F868100899C97901F00F
:102EB000010392F8681001F0FD0141EA430182F834
:102EC000681002F12801069106990988A2F8691094
:102ED0000699498804F0A4F9059880ED1C0B0CB004
:102EE00080BD00BF00BF00BF000000000000E04048
:102EF00080B582B00190019943F2C820C2F200006F
:102F00001222F4F73FF902B080BD000081B000202A
:102F1000ADF800009DF800008DF803009DF8030057
:102F200001B0704780B584B003900291ADF80620DF
:102F300003990091D1F884000130C1F88400BDF8F4
:102F40000600A1F89000F1F749FF0099C1F894003C
:102F5000029843F2C821C2F20001884216D1FFE76D
:102F6000BDF80600122811D1FFE70099D1F88800BA
:102F70000130C1F88800084600F074F80098FFF7A7
:102F800017FF00987830FAF7D3FC06E00099D1F8E3
:102F90008C000130C1F88C00FFE7009943F2C82093
:102FA000C2F200001222F4F7EDF804B080BD000078
:102FB00084B0002001900090039002909DED000BE2
:102FC0009DED021B04B0704780B586B0059004915A
:102FD0000392ADF80A3004980068006800F0080118
:102FE0000020B0EBD10F14D0FFE7FFE700200190E5
:102FF0000498006800680190049800684068019097
:103000000198FFE704980399BDF80A20F4F7BAF88D
:10301000FFE706B080BD000080B541F61440C2F263
:1030200000000078BFF35F8FC007A8B9FFE741F643
:103030001440C2F2000005F028FC68B1FFE742F23C
:10304000F860C2F2000000F0A5F841F61440C2F2A8
:10305000000005F030FCFFE742F2F860C2F2000029
:1030600080BD000082B00190009101990098828893
:103070008A8300688861009806300090009A106882
:1030800052684A6208620098083000900098006810
:10309000886200980430009002B0704780B594B008
:1030A00006A9029113901398039078300490FAF7D0
:1030B0000FFC0498FAF710FC049802F01FF901388D
:1030C000B0FA80F040098DF84B009DF84B00C00726
:1030D000002859D0FFE7FFF76BFF0298039980EDB6
:1030E000080B80ED0A1B0E980F9A109BDDF844C068
:1030F000C1F83CC08B634A630863FFF759FF02982D
:10310000039980ED040B80ED061B0A980B9A0C9B2B
:10311000DDF834C0C1F84CC08B644A640864FFF722
:1031200047FF0298039980ED000B80ED021B069883
:10313000079A089BDDF824C0C1F85CC08B654A651E
:1031400008650020019008664866FFF7DFFE0399D6
:103150008DF817009DF8170081F8680000F058F806
:10316000039A01460198ADF81510BDF81510A2F8A4
:1031700069105067106743F2C821C2F200011223A0
:103180001046FFF721FFFFE79DF84B0000F001001C
:1031900014B080BD80B584B0039003980190FFF710
:1031A00007FF019880ED0C0B80ED0E1BFFF700FF71
:1031B000019880ED100B80ED121BFFF7F9FE0199CD
:1031C00081ED140B81ED161B002002900866486605
:1031D000FFF79CFE019981F8680000F019F8029948
:1031E00002460198A0F869204167016778303221D2
:1031F000FAF7AAFB01980299C0F88410C0F8881069
:10320000C0F88C10A0F89010C0F8941004B080BDE5
:1032100081B00020ADF80000BDF80000ADF802005C
:10322000BDF8020001B0704787B0069005918DF897
:10323000132003938DED020ACDED010A8DED001AE6
:1032400006990520087000204880029A039B1A60A6
:10325000019A039BDA66009A039BC3F8D820097889
:10326000059A1170059948709DF81310059A82F817
:1032700021100299059A51600199059A916000996F
:10328000059AD16005990861059948610599886199
:103290000599888307B0704780B59AB0DDF870C093
:1032A000199018911792169319980690189802F091
:1032B000D5F88DED150A1798406C14901898343095
:1032C00002F0CCF88DED130A1798D0F8B0001290E8
:1032D0001898683002F0C2F88DED110A189802F0C3
:1032E000EDF88DF843001898343002F0E7F88DF8C7
:1032F00042001898683002F0E1F88DF841009DF81E
:10330000430000F001001C9988779DF8420000F00E
:1033100001001C99C8779DF8410000F001001C993C
:1033200081F820001698807E8DF840009DF84000BE
:10333000032815D1FFE706980078052810D0FFE78D
:1033400006981C99179B9DED140ADDED120A9DED60
:10335000111A0322FFF768FF1699002088763FE3D1
:1033600006980078052841D1FFE79DF84000042821
:103370000AD1FFE706990020087048801C9981F85F
:10338000210016998876FFE7069800781C99087046
:103390001C9900204870179909681C9A5160179968
:1033A000C96E1C9A91601799D1F8D8101C9AD160F7
:1033B0001C9991ED010A9DED141A30EE410A81ED40
:1033C000040A1C9991ED020A9DED121A30EE410A91
:1033D00081ED050A1C9991ED030A9DED111A30EE5D
:1033E000410A81ED060A1C998883F9E20698007863
:1033F00050B1FFE706980078022805D0FFE706984D
:10340000007804283AD1FFE79DF84000012817D141
:10341000FFE7069A01201070002050801499516037
:103420001699896842F29072C2F2000211601199F5
:1034300042F29472C2F200021160169988761CE082
:103440009DF84000022817D1FFE7069A032010706C
:1034500000205080149951601699C96842F2907208
:10346000C2F200021160119942F29472C2F200029B
:10347000116016998876FFE7FFE7FFE706980021BD
:103480008DF83F108DF83E108DF83D100E910D9186
:103490000C918DF82F10007801460591052800F257
:1034A0000B820599DFE811F0060007000401050111
:1034B0000602070200E2069901208DF83F004968E4
:1034C0000E918DF83E0000210D918DF83D008DF894
:1034D0002F00169890ED040AB5EE400AF1EE10FAAE
:1034E00005DAFFE79FEDDD0A8DED040A05E0169889
:1034F00090ED040A8DED040AFFE79DED040A8DEDC1
:103500000A0A179890ED410A9DED0A1A20EE010A69
:103510009FEDD31A20EE010A8DED090A42F2947054
:10352000C2F2000090ED000A42F29070C2F2000078
:1035300090ED001AB4EE410AF1EE10FA26DAFFE738
:103540009DED091A42F29470C2F2000090ED000A5B
:1035500030EE010A80ED000A90ED000A42F2907010
:10356000C2F2000090ED001AB4EE410AF1EE10FA3A
:103570000BDDFFE742F29070C2F20000006842F2F9
:103580009471C2F200010860FFE738E042F29470E3
:10359000C2F2000090ED000A42F29070C2F2000008
:1035A00090ED001AB4EE410AF1EE10FA26DDFFE7C5
:1035B0009DED091A42F29470C2F2000090ED000AEB
:1035C00030EE410A80ED000A90ED000A42F2907060
:1035D000C2F2000090ED001AB4EE410AF1EE10FACA
:1035E0000BDAFFE742F29070C2F20000006842F28C
:1035F0009471C2F200010860FFE7FFE7FFE742F2C3
:103600009470C2F2000000680C909DF84300C0075F
:1036100028B1FFE79DF84100C00768B9FFE70698A9
:103620001C99179B9DED140ADDED120A9DED111AF0
:103630000222FFF7F9FDD3E1069840881699098B1D
:1036400088420DDDFFE706981C99179B9DED140A33
:10365000DDED120A9DED111A0122FFF7E5FDBFE134
:1036600042F29070C2F2000090ED000A9DED111A36
:1036700030EE410AB0EEC00A169890ED051AB4EE8D
:10368000410AF1EE10FA12DAFFE7069942F2907061
:10369000C2F20000026842F29473C2F200031A60A0
:1036A00000680C900220087000204880FFE703E1CA
:1036B00002E1069901208DF83F0049680E918DF8CE
:1036C0003E0000210D918DF83D008DF82F001698D9
:1036D00090ED040AB5EE400AF1EE10FA05DAFFE7C4
:1036E0009FEDC00A8DED030A05E0169890ED040ADF
:1036F0008DED030AFFE79DED030A8DED080A17988B
:1037000090ED410A9DED081A20EE010A9FEDB61AD0
:1037100020EE010A8DED070A42F29470C2F2000019
:1037200090ED000A42F29070C2F2000090ED001A93
:10373000B4EE410AF1EE10FA26DAFFE79DED071A22
:1037400042F29470C2F2000090ED000A30EE010ADD
:1037500080ED000A90ED000A42F29070C2F2000083
:1037600090ED001AB4EE410AF1EE10FA0BDDFFE71E
:1037700042F29070C2F20000006842F29471C2F20C
:1037800000010860FFE738E042F29470C2F20000E6
:1037900090ED000A42F29070C2F2000090ED001A23
:1037A000B4EE410AF1EE10FA26DDFFE79DED071AAF
:1037B00042F29470C2F2000090ED000A30EE410A2D
:1037C00080ED000A90ED000A42F29070C2F2000013
:1037D00090ED001AB4EE410AF1EE10FA0BDAFFE7B1
:1037E00042F29070C2F20000006842F29471C2F29C
:1037F00000010860FFE7FFE7FFE742F29470C2F2C2
:10380000000000680C909DF84300C00728B1FFE756
:103810009DF84100C00768B9FFE706981C99179BFF
:103820009DED140ADDED120A9DED111A0222FFF73B
:10383000FBFCD5E0069840881699098B884211DD7B
:10384000FFE706981C99179B9DED140ADDED120AFF
:103850009DED111A0122FFF7E7FCC1E00000000016
:103860006F12833A42F29070C2F2000090ED000AAB
:103870009DED111A30EE410AB0EEC00A169890ED97
:10388000051AB4EE410AF1EE10FA12DAFFE70699D2
:1038900042F29070C2F20000026842F29473C2F2E7
:1038A00000031A6000680C90042008700020488013
:1038B000FFE701E000E0FFE79DF83F00C00720B10F
:1038C000FFE70E9817990860FFE79DF83E00C007D4
:1038D00020B1FFE70D981799C866FFE79DF83D00F6
:1038E000C00728B1FFE70C981799C1F8D800FFE787
:1038F000069800781C9908709DF82F001C99487054
:103900009DF83F00C00728B1FFE79DED0E0A8DED41
:10391000020A05E0179890ED000A8DED020AFFE714
:103920009DED020A1C9880ED010A9DF83E00C0073B
:1039300028B1FFE79DED0D0A8DED010A05E017980E
:1039400090ED1B0A8DED010AFFE79DED010A1C9821
:1039500080ED020A9DF83D00C00728B1FFE79DED0C
:103960000C0A8DED000A05E0179890ED360A8DEDF2
:10397000000AFFE706989DED000A1C9981ED030AF5
:103980001C9991ED010A9DED141A30EE410A81ED6A
:10399000040A1C9991ED020A9DED121A30EE410ABB
:1039A00081ED050A1C9991ED030A9DED111A30EE87
:1039B000410A81ED060A41881C9A9183007800F043
:1039C0001FF868B1FFE7069840884FF6FE718842FD
:1039D00005DCFFE70699488801304880FFE7FFE7EC
:1039E0001AB080BD000000006F12833A81B00090D1
:1039F0000098002101704180416001B070470000D3
:103A000082B08DF807009DF8071001200129009071
:103A100008D0FFE79DF807000338B0FA80F04009AE
:103A20000090FFE7009800F0010002B0704700002E
:103A300081B0009000984AF6D471C0F601010831B7
:103A4000016001B07047000081B00090FEDE000010
:103A500081B00090009801B07047000080B500F080
:103A600069F880BD84B002908DF80710029800902C
:103A70009DF80700012810D8FFE700989DF807106F
:103A800000EB8100806840B1FFE700989DF80710C7
:103A900000EB81008068039003E0009810300390F1
:103AA000FFE7039804B0704784B003908DF80B10C3
:103AB0000192039800909DF80B0001280BD8FFE7B6
:103AC000019840B1FFE7009901989DF80B2001EBA8
:103AD00082018860FFE704B07047000080B584B0C1
:103AE00003900398019000200290FFE702980128BC
:103AF0001DD8FFE70198029900EB8100806888B12A
:103B0000FFE7019808300090029950F82100016801
:103B1000896888470098029950F821000168C968AF
:103B20008847FFE7FFE7029801300290DEE704B024
:103B300080BD000080B582B041F61840C2F200009E
:103B40000078BFF35F8FC00708BBFFE741F618405E
:103B5000C2F2000004F099FEC8B1FFE742F298708B
:103B6000C2F20000019000F02BF8019943F66D407D
:103B7000C0F6010040F20002C0F60002ECF79CFB28
:103B800041F61840C2F2000004F095FEFFE742F251
:103B90009870C2F200000079C00758B9FFE742F2FE
:103BA0009870C2F200000090FFF798FF0099012082
:103BB0000871FFE742F29870C2F2000002B080BDC7
:103BC00080B58AB0089008980590099000F07EF8BA
:103BD00005994BF20000C0F6010008300860002093
:103BE0000871886001F10C00103106910790FFE721
:103BF0000799069A002041F8040B08469142079065
:103C0000F6D1FFE705981030029042F68431C2F2F7
:103C10000001002301931A4600F0A8F905983030FE
:103C2000049042F6AC31C2F200010E22012303934C
:103C300000F09CF905980199029AFFF735FF059865
:103C40000399049AFFF730FF09980AB080BD00007D
:103C500080B582B001900198009000F007F80098BC
:103C6000502103F001FB02B080BD000080B584B09C
:103C70000390039802904BF20001C0F6010101F19C
:103C80000802014641F8102B0191303000F09CF9F8
:103C9000019800F099F9029800F028F8029804B011
:103CA00080BD000080B582B00190019801688A68EB
:103CB0000021904702B080BD80B582B0019001988C
:103CC00001688A680121904702B080BD81B00090F0
:103CD00000984BF21801C0F601010831016001B0F3
:103CE0007047000081B00090FEDE000081B00090BF
:103CF000009801B07047000080B58CB00B900B9815
:103D00000121099182680692C268059200220192FF
:103D1000029203920492079208910E210A91406840
:103D200001A9EFF7DBFA0CB080BD000080B584B0CC
:103D3000009101460098039102900399019102F0CD
:103D40000DF930B1FFE700990198143002F0BAFF85
:103D5000FFE704B080BD000080B586B005900491F7
:103D6000059814300390039802F082FF02900398A4
:103D700002F072FF0190FFE702A801A903F0C0F86A
:103D800098B1FFE702A801F07BFF0090009802F0D5
:103D9000E5F828B1FFE70098049902F0D5F8FFE7AD
:103DA000FFE702A802F0F0FAE6E706B080BD0000E7
:103DB00080B582B001900198FFF79EFF02B080BDF0
:103DC00080B58EB00C900B910C98029042F210705E
:103DD0000A90FFE702984068EFF7CAFC014600200E
:103DE000019031B9FFE70A98002818BF012001901F
:103DF000FFE70198C00720B1FFE70A9801380A9051
:103E0000E8E70A9820B9FFE700208DF8370040E086
:103E100000200990089007900690059004900B9957
:103E2000097B08910B99097D01F00101002918BF58
:103E3000042106910B99497D01F00101002918BF69
:103E4000022107918DF824000B98006903900B98CC
:103E5000007DC00730B1FFE70B9880680590002017
:103E6000049005E00B988068049000200590FFE71F
:103E7000029840680B9A04A903ABEFF783F920B1CD
:103E8000FFE700208DF8370003E001208DF83700B0
:103E9000FFE79DF837000EB080BD000080B582B00E
:103EA0000190019800904068F0F7F0F90098C06820
:103EB00030B9FFE7009840680221EFF739F90BE0CD
:103EC0000098C068012806D1FFE7009840681021DB
:103ED000EFF72EF9FFE7FFE702B080BD80B58CB0A9
:103EE0000A9009910A9901914868C968EFF70CFB9B
:103EF00020B9FFE700208DF82F0032E001994868D3
:103F0000C968099B02AAEFF729FB20B1FFE700204F
:103F10008DF82F0025E0049818B9FFE7029800906B
:103F200002E003980090FFE701980099099A9160D8
:103F30000699099A117304990439B1FA81F1490972
:103F4000099A117505990239B1FA81F14909099A5D
:103F5000517509990268126A904701208DF82F0067
:103F6000FFE79DF82F000CB080BD000080B586B043
:103F7000059004910392029305980190FFF758FD74
:103F800001984BF23001C0F601010831016004993B
:103F90004160039981600299C16000210161143080
:103FA00002F0ACFE019806B080BD000080B582B082
:103FB00001900198009000F007F80098202103F08C
:103FC00053F902B080BD000080B582B00190019825
:103FD00000904BF23001C0F60101083140F8141B8B
:103FE00002F09EFE0098FFF733FD009802B080BDFE
:103FF00080B582B00190019890ED0C0B51EC100B44
:10400000ECF7B8FB00EE100A02B080BD81B0009062
:1040100000990020C861886148620862C8628862AD
:10402000C860886048630863C8638863486408643C
:10403000C864886401B0704780B5A4B08DED222BB0
:104040008DED201B8DED1E0B1D908DED1A3B8DED22
:10405000184B8DED165B1D980A909DED1A0B80EDA7
:10406000000B9DED180B80ED040B9DED1A1B9DEDD3
:10407000180B51EC110B53EC102BECF7C3F9024663
:104080000A9809920A46099942EC101B80ED0C0B24
:104090009DED1E1B90ED0C0B51EC110B53EC102BF6
:1040A000ECF7B6F902460A980B920A460B9942ECD5
:1040B000101B80ED060B90ED0C0B9FED8B1B51EC54
:1040C000112BCB0F52EC101B63F3DF7242EC101B71
:1040D0008DED0C0B806DECF73AFB9DED0C1B41EC6C
:1040E000100B51EC110B53EC102BECF7A8FAA8B9FC
:1040F000FFE70A9890ED0C0B90ED121B51EC110BA1
:1041000053EC102BECF7DDF802460A9808920A46A9
:10411000089942EC101B80ED120B04E00A99002074
:10412000C8648864FFE70A989DED201B90ED120B90
:1041300051EC110B53EC102BECF76AF902460A987C
:1041400007920A46079942EC101B80ED080B90ED90
:10415000081B90ED140B51EC110B53EC102BECF7EA
:1041600038FA30B9FFE70A9890ED140B80ED080B90
:10417000FFE70A9890ED080B90ED141B8DED141BD2
:104180009DF8570080F080008DF85700149A159B19
:1041900051EC100BECF753FA80B9FFE70A9890ED59
:1041A000140B8DED120B9DF84F1081F080018DF8EE
:1041B0004F109DED120B80ED080BFFE79DED200BDE
:1041C00051EC100B9FED480B53EC102BECF752FA0F
:1041D00038B1FFE70A99002048620862C864886421
:1041E000FFE70A989DED220B8DED000B90ED0C1B67
:1041F00090ED0E0B51EC110B53EC102BECF702F978
:104200009DED000B41EC110B53EC112B51EC100BFD
:10421000ECF7FEF802460A9803920A46039942EC2C
:10422000101B80ED0A0B90ED0C0B80ED0E0B90ED4A
:10423000061B90ED080B90ED0A2B8DED042B51EC35
:10424000110B53EC102BECF73CF89DED040B41ECFB
:10425000110B51EC110B53EC102BECF732F802461A
:104260000A9806920A46069942EC101B80ED020B52
:1042700090ED020B169A179B51EC100BECF7A9F975
:1042800030B9FFE70A989DED160B80ED020BFFE7B2
:104290000A9890ED020B9DED161B8DED101B9DF8FD
:1042A000470080F080008DF84700109A119B51EC78
:1042B000100BECF7C4F980B9FFE70A989DED160BD7
:1042C0008DED0E0B9DF83F1081F080018DF83F10B1
:1042D0009DED0E0B80ED020BFFE70A9890ED020BAF
:1042E00024B080BD00BF00BF00000000000000003F
:1042F00080B588B007908DED040B8DED021B0798FB
:1043000001909DED040B51EC100BECF733FA0146D4
:10431000019881659DED020B80ED140B0021C163B6
:10432000816341640164C164816408B080BD0000A0
:1043300088B007908DED040B8DED021B8DED002BE9
:1043400007989DED040B80ED000B9DED020B80EDB9
:10435000020B9DED000B80ED040B08B070470000D0
:1043600080B58CB00B900A9109928DF823300B9890
:104370000190F0F733FD07900A99002040F20722E0
:104380009142029016D1FFE79DF8231000200829E2
:1043900002900FD3FFE709980178002021290290AD
:1043A00008D1FFE7099840781238B0FA80F0400948
:1043B0000290FFE7029800F001008DF81B000A98B8
:1043C000B0F5027F08D0FFE70A99002040F20722EB
:1043D0009142009008D1FFE79DF8231000200329A7
:1043E00088BF01200090FFE70198009901F00101CA
:1043F0008DF81A1090F83000C00760B1FFE70199FE
:104400000798C96A401A332805D3FFE701990020AD
:1044100081F83000FFE79DF81B00C00748B3FFE7B5
:104420000198002105910491099A1168526805923A
:104430000491BDF812100182BDF814104182BDF83C
:1044400016108182012180F830100799C162028A1A
:1044500040F21401C2F200014A81428A8A81828AB2
:10446000CA8190F8302002F001020A75C06A8861A2
:1044700026E09DF81A00C00710B3FFE7019890F8F6
:104480003000C00728B1FFE79DF81B00C00708B146
:10449000FFE715E00198002203920999096803914A
:1044A0000399816180F830200799C162836940F2E5
:1044B0001401C2F200010B610A75C06A8861FFE74E
:1044C0000CB080BD82B0019040F23420C2F20000F6
:1044D000006800909DED000A02B0704780B5A8B05A
:1044E0000AA90891279027980790FEF795FD269036
:1044F000269801F01BFAADF89600269801F032FAE2
:10450000089880ED160B80ED181B269801F066FACE
:104510001F90269801F068FA1E9000F011FD01F03E
:10452000C9FA8DF8770000F00BFD01F089FB1C90B3
:104530009DF87700C0F3C0008DF86F009DF86F0004
:1045400000F0010000F018FE8DF86E009DF86F007D
:1045500000F0010040F2D021C2F2000181F82000F9
:104560009DF86F00C007002800F06881FFE79DF804
:104570009600C0F300108DF86D0040F2D020C2F21A
:10458000000001691A91406919909DF89600400950
:10459000C00730B1FFE7089890ED0F0A8DED060ACD
:1045A00005E0089890ED100A8DED060AFFE70898DF
:1045B0009DED060A80ED0E0A0020179016909DF8DA
:1045C0009600C00780B1FFE79DF896004008C0073D
:1045D00050B9FFE7089890ED0E1A90ED0C0A30EEF6
:1045E000010A80ED0C0A15E09DF896004008C0070E
:1045F00078B1FFE79DF89600C00750B9FFE708982B
:1046000090ED0E1A90ED0C0A30EE410A80ED0C0A86
:10461000FFE7FFE79DF896008008C00780B1FFE73D
:104620009DF89600C008C00750B9FFE7089890EDC4
:104630000E1A90ED0D0A30EE410A80ED0D0A16E0DB
:104640009DF89600C008C00780B1FFE79DF896006E
:104650008008C00750B9FFE7089890ED0E1A90ED5A
:104660000D0A30EE010A80ED0D0AFFE7FFE708981A
:104670009DF89610C1F3401140F2D022C2F2000220
:1046800082F82110179951621699916290ED0D0AE6
:1046900000F084FC079A01460898117090ED0C0A0E
:1046A00000F07CFC079948709DF86E00C007002858
:1046B0005ED0FFE7269801F06FF9089880ED060BB1
:1046C00080ED081B90ED060B51EC100BECF752F847
:1046D00001460898159140F2D021C2F200014968C4
:1046E0000F9115990E9190ED040A90ED051AB1EE17
:1046F000411AB4EE410AF1EE10FA0EDDFFE7089818
:1047000090ED040A90ED051AB4EE410AF1EE10FAAC
:1047100003DAFFE700200E90FFE7089890ED040A07
:1047200040F2D020C2F2000090ED071A20EE010AFC
:10473000FFEE000AB7EE001A00F008FC089880EDC2
:10474000030A90ED030A00F067FC07998870487A25
:1047500000F0FD004872487A40F004004872487A40
:1047600040F001004872487A40F0080048725BE06F
:1047700042F2E870C2F20000007850B9FFE79DF8FD
:104780006D0000F0010042F2E971C2F20001087010
:1047900017E09DF86D00C00790B1FFE742F2E970A5
:1047A000C2F20000007858B9FFE740F2D021C2F20F
:1047B000000191F8220080F0010081F82200FFE75B
:1047C000FFE740F2D020C2F2000090F8220050B182
:1047D000FFE740F2D020C2F2000090ED060A00F0A0
:1047E0001BFC059002E06E200590FFE707990598F5
:1047F000887040F2D020C2F2000090F8220090B100
:10480000FFE70799487A00F0FD004872487A40F0C7
:1048100004004872487A40F001004872487A40F03B
:1048200008004872FFE7FFE79DF86D0000F0010007
:1048300042F2E971C2F200010870F6E01C98042807
:104840006AD1FFE7089890ED160B51EC100BEBF7CF
:1048500091FF00EE100A00F0A1FB079A01460898AC
:10486000117090ED180B51EC100BEBF783FF00EE7D
:10487000100A00F093FB079A01460898517040F225
:10488000D022C2F200020492002182F8211082F8A4
:10489000221090ED160B51EC100BEBF76BFF049A06
:1048A00001460898516290ED180B51EC100BEBF794
:1048B00061FF04998862269801F09CF851EC100B76
:1048C000EBF758FF014608980C914CF6CD41C3F622
:1048D0004C510B9190ED020A9FEDAC1AB4EE410AD7
:1048E000F1EE10FA0EDDFFE7089890ED020A9FED59
:1048F000A81AB4EE410AF1EE10FA03DAFFE700203D
:104900000C90FFE7089890ED020AB1EE400A00F023
:1049100083FB0799887087E01F98032834D1FFE74D
:104920001E98012830D1FFE70898079A6E21117070
:10493000517090ED160B51EC100BEBF71BFF00EED6
:10494000100A00F069FB079A01460898917040F23E
:10495000D022C2F200020392002182F8211082F8D4
:10496000221090ED160B51EC100BEBF703FF039A9E
:1049700001460898516290ED180B51EC100BEBF7C3
:10498000F9FE039988624EE0089890ED160B51EC01
:10499000100BEBF7EFFE00EE100A00F0FFFA079A9B
:1049A00001460898117090ED180B51EC100BEBF7C5
:1049B000E1FE00EE100A00F0F1FA079A01460898AD
:1049C000517040F2D022C2F200020292002182F81D
:1049D000211082F8221090ED160B51EC100BEBF722
:1049E000C9FE029A01460898516290ED180B51ECED
:1049F000100BEBF7BFFE029988621F9801280AD1BD
:104A0000FFE71E98032806D1FFE7012000F01EFBF8
:104A10000799887006E0002000F018FB07996E20C7
:104A20008870FFE7FFE7FFE7FFE79DF86F00C0072B
:104A300068B9FFE742F2E971C2F200010020087094
:104A400040F2D021C2F2000181F82200FFE79DF878
:104A50006F0000F0010042F2E871C2F2000108703C
:104A60001F98022810D1FFE71E9802280CD0FFE7FC
:104A7000269800F0CFFF51EC100BEBF77BFE00EE19
:104A8000100A8DED010A0BE0269800F0DFFF51ECD3
:104A9000100BEBF76FFE00EE100A8DED010AFFE739
:104AA000079808999DED010A81ED000A91ED000A31
:104AB0009FED381A20EE010ABDEEC00A10EE101A62
:104AC0000172FFF7FFFC079910EE100AC1F803000E
:104AD00000F036FA00F0EEFF07998DF827009DF8F8
:104AE000270048729DF86F00C007D0B1FFE740F281
:104AF000D020C2F2000090F8220090B1FFE70799A1
:104B0000487A00F0FD004872487A40F0040048728C
:104B1000487A40F001004872487A40F00800487234
:104B2000FFE7079840F29071C2F200018A78002AEC
:104B300018BF0122817A01F0BF0141EA821181721E
:104B400040F2D021C2F2000191F82220002A18BFC1
:104B50000122817A01F0F70141EAC2018172817A72
:104B600001F0CF018172027840F21401C2F200011B
:104B70000A7042784A7082788A70027ACA70D0F8D5
:104B800003204A60407A087228B080BDCDCC4CBD6D
:104B9000CDCC4C3D0000FE4280B541F61C40C2F237
:104BA00000000078BFF35F8FC007A8B9FFE741F6A8
:104BB0001C40C2F2000003F068FE68B1FFE742F259
:104BC000EC70C2F2000000F07FF841F61C40C2F227
:104BD000000003F070FEFFE742F2EC70C2F200004A
:104BE00080BD000080B596B0159015980190FEF735
:104BF00035FFFFF761F80199149010A80F900F9AF4
:104C0000A52010700F9801300F900F9A087A10723B
:104C100008684B68536010600F9809300F900F9A26
:104C2000487A10700F9801300F900F9A887B10719E
:104C3000D1F80A001060002002900E900D900C90A8
:104C40000B900A90099040F205220B9208228DF8F1
:104C500030208DF838008DF839001098119A0A62CA
:104C6000C861C869096A0A910990149809A90322C0
:104C7000012300F0A7F908B9FFE723E0019900201C
:104C8000009008900790069005900490039040F2E1
:104C90000622059208228DF818208DF820008DF844
:104CA00021001298139A8A624862486A896A0491BC
:104CB0000390149803A90322012300F083F908B993
:104CC000FFE7FFE716B080BD81B00090009800219B
:104CD000017041708170C0F80310C1710172427A95
:104CE00002F0FE024272427A02F0FD024272427A01
:104CF00002F0FB024272427A02F0F7024272427AFA
:104D000002F0EF024272827A02F0FE028272827A2E
:104D100002F0FD028272827A02F0FB028272827AD3
:104D200002F0F7028272827A02F0CF028272827AF5
:104D300002F0BF028272C1720173A0F80D100182ED
:104D4000418281828161C16280F830106B2141868D
:104D500001B0704784B0029001910092019802283E
:104D600007D1FFE70098022803D1FFE70520039051
:104D700025E00198022803D1FFE7042003901EE0FC
:104D8000019803280AD1FFE70098012803D1FFE723
:104D90000220039013E00120039010E00198012805
:104DA0000AD1FFE70098032803D1FFE7032003900F
:104DB00005E00020039002E000200390FFE7039845
:104DC00004B0704780B58AB0099009980390FEF747
:104DD00023F90890089800F001FE014600200329FD
:104DE000049009D1FFE7089800F0FEFD0338B0FAFF
:104DF00080F040090490FFE70399049800F0010057
:104E000008730898FEF74AF958B3FFE703980021A2
:104E100001730068052809D0FFE7039905200860A1
:104E200002200862486901304861FFE70398026880
:104E300040F2B051C2F2000102910A7042684A7019
:104E400082688A7002694A6042698A608269CA60BF
:104E5000006A087400204874EFF7C0FF02994861A7
:104E60006CE0089800F0BAFD0790089800F0BCFDCF
:104E70000146039806910799069AFFF76BFF059084
:104E80000598052813D1FFE70398006805280DD081
:104E9000FFE70399052008604860886001200862E8
:104EA00048690130486100200861FFE72BE0039961
:104EB0000598896888421CD1FFE703980169013190
:104EC000016100690A2813D3FFE7039841688068ED
:104ED000884209D0FFE703998868486048680860FD
:104EE000486901304861FFE703990A200861FFE73C
:104EF00008E00399059888600120086188690130FD
:104F00008861FFE7FFE70398026840F2B051C2F200
:104F1000000101910A7042684A7082688A700269D1
:104F20004A6042698A608269CA60006A0874012026
:104F30004874EFF753FF01994861FFE70AB080BD5D
:104F400042F62000C2F200007047000084B08DEDF0
:104F5000020ACDED010A8DED001A9DED020A9DEDCC
:104F6000011AB4EE410AF1EE10FA03DAFFE70198F4
:104F700003900FE09DED020A9DED001AB4EE410A88
:104F8000F1EE10FA03DDFFE70098039002E00298CB
:104F90000390FFE79DED030A04B0704781B08DEDEB
:104FA000000A9DED000A9FED061A20EE010A30EE80
:104FB000010ABDEEC00A10EE100A01B0704700BF32
:104FC0000000DC4280B586B0049003910292019308
:104FD00000200090FFE700980299884213D2FFE773
:104FE0000498039902681269904720B1FFE70120F5
:104FF0008DF817000BE0019802F08CFAFFE700989B
:1050000001300090E7E700208DF81700FFE79DF8DA
:10501000170006B080BD000080B584B003A880ED05
:10502000000A90ED000AFFF7B9FF8DF80B009DF81C
:105030000B0018B9FFE70120019003E09DF80B0079
:105040000190FFE70198C0B204B080BD80B58AB07E
:1050500004A902918DF826004DF20A70C3F6234090
:105060000890EFF7BBFE07909DF82600C00738B107
:10507000FFE740F21820C2F20000007898B9FFE77D
:1050800042F64801C2F200010020087040F21821E7
:10509000C2F200010872C860086148616E2008769B
:1050A0008DF8270061E042F64800C2F20000007867
:1050B000C00798B9FFE742F64801C2F2000101209B
:1050C0000870079842F64401C2F200010860079890
:1050D00040F21821C2F20001C860FFE740F2182038
:1050E000C2F20000019090ED010AB0EEC00ADFEDBF
:1050F000210AB7EE001A8DED001AFFF727FF9DED8C
:10510000001A0298019980ED020A91F90110BFEE90
:10511000000AB1F1FF3FC8BFB0EE410A80ED010ABD
:1051200090ED010A90ED021A20EE010A80ED000ACE
:1051300090ED000AFFF770FF01998DF80F00012034
:10514000087242F64402C2F200021068C860079872
:105150001268801A0861049848619DF80F0008766B
:105160009DF80F008DF82700FFE79DF827000AB093
:1051700080BD00BF0AD7233C82B08DF806009DF8A1
:105180000600C00720B9FFE700208DF8070033E0D4
:1051900040F2A470C2F2000000788DF805009DF87E
:1051A0000500042804D1FFE701208DF8070023E063
:1051B0009DF8051000200329009017D1FFE740F269
:1051C000A470C2F2000090ED060AB0EEC00A40F2F0
:1051D0004430C2F2000090ED051A0020B4EE410AFE
:1051E000F1EE10FAD8BF01200090FFE7009800F020
:1051F00001008DF80700FFE79DF8070002B0704737
:10520000B0B582B0009101460098019040F2781349
:10521000C2F2000318685A68D3F808C0D3F80CE04B
:105220001C695D694D610C61C1F80CE0C1F808C0F2
:105230004A6008609869DA69D3F820C0D3F824E09E
:105240009C6ADD6ACD628C62C1F824E0C1F820C09E
:10525000CA618861186B5A6B9B6B8B634A630863E6
:105260004FF07C50C860002008744FF448724A61C7
:105270000022C4F2A0028A61C86102B0B0BD000081
:10528000B0B582B0009101460098019040F27813C9
:10529000C2F2000318685A68D3F808C0D3F80CE0CB
:1052A0001C695D694D610C61C1F80CE0C1F808C072
:1052B0004A6008609869DA69D3F820C0D3F824E01E
:1052C0009C6ADD6ACD628C62C1F824E0C1F820C01E
:1052D000CA618861186B5A6B9B6B8B634A63086366
:1052E0004FF07C50C8600120087400204861002203
:1052F000C4F2A0028A61C86102B0B0BD81B0009062
:105300000098806801B0704781B000900098D0F894
:105310006F0001B07047000081B00090009890F9D4
:105320006A0001B07047000081B000900098D0F88A
:105330009F0000EE100A01B07047000081B000909D
:105340000098D0F8730000EE100A01B0704700001A
:1053500081B000900098D0F8770000EE100A01B0FC
:105360007047000081B000900098D0F87B0000EEFC
:10537000100A01B07047000081B000900098D0F88A
:10538000970000EE100A01B07047000081B0009055
:105390000098D0F87F0000EE100A01B070470000BE
:1053A00081B000900098D0F8830000EE100A01B0A0
:1053B0007047000081B000900098D0F8870000EEA0
:1053C000100A01B07047000081B000900098D0F83A
:1053D0009B0000EE100A01B07047000081B0009001
:1053E000009890F8600001B07047000081B0009014
:1053F000009890ED2E0A01B07047000081B0009037
:105400000098D0F8A30000EE100A01B07047000029
:1054100081B000900098D0F8A70000EE100A01B00B
:105420007047000081B000900098D0F8AB0000EE0B
:10543000100A01B07047000081B000900098D0F8C9
:10544000AF0000EE100A01B07047000081B000907C
:10545000009890ED090A01B07047000081B00090FB
:10546000009890ED060A01B07047000081B00090EE
:10547000009890F8310001B07047000081B00090B2
:10548000009890ED080A01B07047000081B00090CC
:10549000009890ED0B0A01B07047000081B00090B9
:1054A000009890ED050A01B07047000081B00090AF
:1054B000009890ED070A01B07047000081B000909D
:1054C000009890F8300000F0010001B07047000033
:1054D00081B00090009801B07047000081B000904A
:1054E000009890ED0A0A01B07047000082B0019068
:1054F0008DF8031001989DF8031001EB410100EBBA
:1055000041005E3002B0704782B001908DF8031008
:1055100001989DF8031000EBC100543002B07047B1
:1055200088B0009005918DF81320059801909DF8A2
:10553000130028B1FFE79DF81300022808DBFFE7FE
:1055400000990020086048608860C86008744EE0D8
:105550000198009AEFF3108106910699039172B6B3
:105560009DF8131001398DF80B1000211160516066
:105570009160D16011749DF80B10084490F8AC0054
:1055800078B3FFE7009901989DF80B2000EBC20269
:10559000B2F8622000EE102AB8EEC00A90ED0E1AA2
:1055A00090ED132A20EE020A80EE010A81ED000A36
:1055B0009DF80B2000EB8202D2F8A4204A609DF8EF
:1055C0000B20C2EBC20200EB820292688A609DF857
:1055D0000B2000EB8200D0F8A000C8600120087406
:1055E000FFE703980790079880F31088FFE708B05B
:1055F0007047000084B002908DF807100298009068
:105600009DF8070028B1FFE79DF80700022803DB9B
:10561000FFE70020039008E000989DF8071000EBDA
:105620008100D0F8A0000390FFE79DED030A04B0CD
:105630007047000085B004AA009203908DF80B100B
:10564000039801909DF80B0028B1FFE79DF80B002F
:10565000032803DBFFE7002004900EE00098019987
:105660009DF80B2001EBC201B1F95A1000EE101A9F
:10567000B8EEC00A80ED000AFFE7009890ED000A3E
:1056800005B0704784B002908DF807100298009022
:105690009DF8070028B1FFE79DF80700022803DB0B
:1056A000FFE7002003900AE000989DF80710C1EB87
:1056B000C10100EB810050F8180C0390FFE79DED4D
:1056C000030A04B07047000084B002908DF8071000
:1056D000029800909DF8070028B1FFE79DF80700A9
:1056E000022803DBFFE7002003900AE000989DF802
:1056F0000710C1EBC10100EB810050F8040C0390CE
:10570000FFE79DED030A04B07047000084B00290EB
:105710008DF80710029800909DF8070028B1FFE768
:105720009DF80700022803DBFFE7002003900AE052
:1057300000989DF80710C1EBC10100EB810050F803
:105740000C0C0390FFE79DED030A04B070470000C6
:1057500084B002908DF80710029800909DF8070021
:1057600028B1FFE79DF80700022803DBFFE70020D0
:1057700003900AE000989DF80710C1EBC10100EB0F
:10578000810050F8140C0390FFE79DED030A04B06C
:105790007047000084B002908DF8071002980090C6
:1057A0009DF8070028B1FFE79DF80700022803DBFA
:1057B000FFE7002003900AE000989DF80710C1EB76
:1057C000C10100EB810050F8100C0390FFE79DED44
:1057D000030A04B07047000084B002908DF80710EF
:1057E000029800909DF8070028B1FFE79DF8070098
:1057F000032803DBFFE7002003900AE000989DF8F0
:105800000710C1EBC10100EB810050F8180C0390A8
:10581000FFE79DED030A04B07047000084B00290DA
:105820008DF80710029800909DF8070028B1FFE757
:105830009DF80700032803DBFFE7002003900AE040
:1058400000989DF80710C1EBC10100EB810050F8F2
:10585000040C0390FFE79DED030A04B070470000BD
:1058600084B002908DF80710029800909DF8070010
:1058700028B1FFE79DF80700032803DBFFE70020BE
:1058800003900AE000989DF80710C1EBC10100EBFE
:10589000810050F80C0C0390FFE79DED030A04B063
:1058A0007047000084B002908DF8071002980090B5
:1058B0009DF8070028B1FFE79DF80700032803DBE8
:1058C000FFE7002003900AE000989DF80710C1EB65
:1058D000C10100EB810050F8140C0390FFE79DED2F
:1058E000030A04B07047000084B002908DF80710DE
:1058F000029800909DF8070028B1FFE79DF8070087
:10590000032803DBFFE7002003900AE000989DF8DE
:105910000710C1EBC10100EB810050F8100C03909F
:10592000FFE79DED030A04B07047000082B00090CD
:105930000098B0F86900ADF80600BDF8060002B0A6
:105940007047000081B000900098B0F8900001B05E
:105950007047000081B000900098D0F8940001B02A
:105960007047000086B00190019B186C596C9A6CCE
:10597000DB6C05930492039102909DED020B9DED6B
:10598000041B06B07047000081B000900098D0F86A
:10599000840001B07047000086B00190019B186D33
:1059A000596D9A6DDB6D05930492039102909DED04
:1059B000020B9DED041B06B07047000081B0009003
:1059C0000098D0F8880001B07047000081B00090C6
:1059D0000098D0F88C0001B07047000081B00090B2
:1059E0000098406E01B0704781B000900098006E42
:1059F00001B0704781B00090009890ED0C0B01B0A1
:105A00007047000081B00090009890ED0E0B01B03F
:105A10007047000081B00090009890ED100B01B02D
:105A20007047000081B00090009890ED120B01B01B
:105A30007047000082B00090009890F868008DF8E0
:105A400007009DF8070002B07047000081B0009089
:105A5000009890ED1C0B01B07047000084B00390DB
:105A60008DF80B10039800909DF80B100020012971
:105A700001900BD8FFE700989DF80B1000EB810018
:105A80008068002818BF01200190FFE7019800F00E
:105A9000010004B07047000081B000900098406899
:105AA00001B0704781B00090009890ED060A01B0F7
:105AB0007047000084B002900298009000218DF899
:105AC0000F1000680190052800F290800199DFE82E
:105AD00001F08C1635486D039DF80F0040F0100062
:105AE0008DF80F009DF80F0000F0FD008DF80F00FD
:105AF0009DF80F0000F0FB008DF80F009BE0009870
:105B00009DF80F1001F0EF018DF80F109DF80F10A8
:105B100041F002018DF80F109DF80F1001F0FB010C
:105B20008DF80F10007B00F001019DF80F0000F0D0
:105B3000F70040EAC1008DF80F007CE09DF80F00EF
:105B400000F0EF008DF80F009DF80F0000F0FD0051
:105B50008DF80F009DF80F0040F004008DF80F0045
:105B600069E000989DF80F1001F0EF018DF80F101B
:105B70009DF80F1001F0FD018DF80F109DF80F102A
:105B800041F004018DF80F109DF80F1041F0010154
:105B90008DF80F10007B00F001019DF80F0000F060
:105BA000F70040EAC1008DF80F0044E09DF80F00B7
:105BB00000F0EF008DF80F009DF80F0000F0FD00E1
:105BC0008DF80F009DF80F0040F004008DF80F00D5
:105BD0009DF80F0040F001008DF80F009DF80F00B8
:105BE00000F0F7008DF80F0025E0FFE700989DF822
:105BF0000F1001F0EF018DF80F109DF80F1001F05C
:105C0000FD018DF80F109DF80F1001F0FB018DF8CC
:105C10000F109DF80F1041F001018DF80F10007B5F
:105C200000F001019DF80F0000F0F70040EAC1000C
:105C30008DF80F00FFE79DF80F0004B070470000DB
:105C400081B000900098006801B0704780B582B0C4
:105C500001900091019882680099904702B080BD40
:105C600081B000900098C068017A0120884301B09B
:105C70007047000081B000900098006801B0704744
:105C800081B000900098006801B0704780B582B084
:105C900001900198009000F007F8009900680968E9
:105CA000401A001102B080BD80B582B00190019809
:105CB0000C3000F02BF802B080BD000081B00090E5
:105CC0000098406801B0704782B001900198406828
:105CD000009000981038009002B0704780B582B0F4
:105CE00001900198FFF7F0FF02B080BD80B582B04F
:105CF0000190019800F018F802B080BD80B582B024
:105D00000190019800F00AF802B080BD80B582B021
:105D10000190019800F008F802B080BD81B00090B9
:105D2000009801B07047000081B00090009801B069
:105D30007047000083B002900191009201980168C1
:105D4000009802680020914238BF012003B07047DC
:105D500080B588B0069005910698019000F0D6F8BD
:105D6000049005980499884203D9FFE7019800F050
:105D70008FF8019800F0BCF8039003980499B0EBF9
:105D8000510F03D3FFE70498079009E00398400000
:105D9000029002A805A900F08BFD00680790FFE7BC
:105DA000079808B080BD000080B58AB009900891BE
:105DB0000998079000F07EF801460798049100F0DA
:105DC00079F801460798029100F092F8029902468C
:105DD000079801EB0211059100F06CF80146079855
:105DE000039100F085F803990246079801EB021130
:105DF000069100F05FF80499059A069B844607987F
:105E0000DDF820E00CEB0E1CEE46CEF800C000F0F2
:105E100047F80AB080BD000080B58AB009900998A3
:105E2000089000F047F801460898059100F042F804
:105E300001460898029100F05BF802990246089822
:105E400001EB0211069100F035F801460898039124
:105E500000F03AF803990246089801EB0211079105
:105E600000F028F801460898049100F041F8DDF8A8
:105E700010C00599069A079B864608980CEB0E1CE5
:105E8000EE46CEF800C000F00BF80AB080BD00006E
:105E900082B001904BF2E210C0F6010000F00EFC5F
:105EA00084B0DDF810C0039002910192009304B019
:105EB0007047000080B582B001900198006800F042
:105EC00073FA02B080BD000081B0009000980168B4
:105ED0004068401A001101B07047000080B582B0E0
:105EE000019001980830FFF709FF02B080BD000063
:105EF00080B582B001900198009000F01BF80099E5
:105F000000680968401A001102B080BD80B584B0F5
:105F100003900398FFF7E2FF00F00CFB029000F003
:105F2000E9FA019002A801A900F0E2FC006804B0BF
:105F300080BD000080B582B0019001980830FFF765
:105F4000D5FE02B080BD000080B582B00190009106
:105F500001980099FFF77AFE02B080BD80B582B04B
:105F600001900198FFF77CFE02B080BD81B00090E7
:105F70006FF0704001B0704781B00090012001B017
:105F80007047000081B00090012001B07047000010
:105F900081B00090012001B07047000081B00090F6
:105FA000012001B07047000080B584B002900191DB
:105FB00002980390019A1168526842600160019949
:105FC000896881600199C968C160C068406858B13A
:105FD000FFE700F093F90199C860684600F044F9C2
:105FE000019900988860FFE7039804B080BD000025
:105FF00080B584B002900191029800900390019ABC
:106000001168526842600160019989688160019954
:10601000C968C160C068006848B1FFE70098C068FF
:10602000016801980068884700990860FFE70398B5
:1060300004B080BD80B586B00490039104980190AF
:106040000590083000F010F900F058F90199C86087
:106050000398FFF791FF78B1FFE700F0CDF80199C1
:1060600002900298886000F06FF901460198C160C3
:10607000039900F003F9FFE7059806B080BD000022
:1060800080B586B004900391049801900590083083
:1060900000F0EAF800F032F90199C8600398FFF7C0
:1060A00071FF78B1FFE700F0B3F801990290029810
:1060B000886000F04FF901460198C160039900F033
:1060C000EDF8FFE7059806B080BD000080B586B00A
:1060D00004900391049801900590083000F0C4F8F2
:1060E00000F00CF90199C8600398FFF751FF78B1EF
:1060F000FFE700F099F8019902900298886000F09B
:106100002FF901460198C160039900F0D7F8FFE725
:10611000059806B080BD000080B586B0049003915C
:10612000049801900590083000F09EF800F0E6F821
:106130000199C8600398FFF731FF78B1FFE700F0DD
:106140007FF8019902900298886000F00FF90146EB
:106150000198C160039900F0C1F8FFE7059806B007
:1061600080BD000080B584B0029002980190039039
:10617000C068406830B1FFE701990868C96849689C
:106180008847FFE7039804B080BD000080B584B065
:1061900003900291039801900198029900F074F81D
:1061A00004B080BD80B584B0039002910398019043
:1061B0000198029900F078F804B080BD80B584B0F1
:1061C00003900291039801900198029900F07CF8E5
:1061D00004B080BD80B584B0039002910398019013
:1061E0000198029900F080F804B080BD82B001905F
:1061F000009100F0F3FA000080B582B046F28D11F4
:10620000C0F6010101A800F027F8019802B080BD96
:1062100080B582B046F2A511C0F6010101A800F0D8
:106220001BF8019802B080BD80B582B046F2BD1166
:10623000C0F6010101A800F00FF8019802B080BD7E
:1062400080B582B046F2D511C0F6010101A800F078
:1062500003F8019802B080BD82B0019000910198CE
:106260000099016002B0704781B00090009846F23A
:10627000ED11C0F60101016001B0704782B00190DC
:106280000091019802B0704780B582B001900091F2
:106290000198009900F0BEFA02B080BD82B0019072
:1062A0000091019802B0704780B582B001900091D2
:1062B0000198009900F0B8FA02B080BD82B0019058
:1062C0000091019802B0704780B582B001900091B2
:1062D0000198009900F0B2FA02B080BD82B001903E
:1062E0000091019802B0704780B582B00190009192
:1062F0000198009900F0ACFA02B080BD4BF25C004E
:10630000C0F601007047000081B04BF26C00C0F68F
:10631000010001B07047000081B04BF27C00C0F674
:10632000010001B07047000081B04BF28C00C0F654
:10633000010001B07047000081B04BF29C00C0F634
:10634000010001B07047000080B582B0FFF7DCFFAC
:1063500002B080BD80B582B0FFF7DEFF02B080BD25
:1063600080B582B0FFF7E0FF02B080BD80B582B09B
:10637000FFF7E2FF02B080BD82B00190009101986A
:106380000099016002B0704781B0009000980168E8
:106390001031016001B0704780B582B00190019862
:1063A00000F082F902B080BD81B00090009801B089
:1063B0007047000080B584B0039002910398029961
:1063C00000F002F804B080BD80B586B0049003915F
:1063D00004980290FFE702990398896888420FD0D9
:1063E000FFE7029800F018F80299019088681038C9
:1063F0008860FFF7D9FF0146019800F091F8EAE7BD
:1064000006B080BD80B582B0019001984168FFF769
:10641000D1FF02B080BD000080B582B0019001982C
:106420000C3000F0E1F802B080BD000080B582B011
:10643000019001980C3000F0CFF802B080BD000050
:1064400080B58AB00890079106920593089801904C
:1064500009900C3000210491059A04A900F0CEF8AF
:10646000079820B9FFE70199002008600DE0019826
:10647000FFF7D2FF0146079A02A800F0EBF8019956
:106480000298086003980790FFE701980168069A50
:1064900001EB0211816041600168079A01EB021172
:1064A0000091FFF7C3FF01460098086009980AB001
:1064B00080BD000080B586B00490049803900590DC
:1064C000FFF7A0FF0398006880B1FFE70398FFF78C
:1064D000A3FF01460398029101680191FFF7D6FBE3
:1064E00001990246029800F00FF8FFE7059806B000
:1064F00080BD000080B500F04DF980BD81B00090F6
:10650000009801B07047000080B584B003900291FC
:10651000019203980299019A00F08CFC04B080BDAE
:1065200080B582B0019000910198009900F090FC34
:1065300002B080BD80B582B001900198FFF716FDD2
:1065400002B080BD80B584B003900291019203989F
:106550000299019A00F09EFC04B080BD80B584B021
:1065600003900291019203980299019A00F09EFC17
:1065700004B080BD82B00190009101980099016043
:106580000099416002B0704781B000900098416866
:106590001039416001B0704780B582B00190019818
:1065A00000F0B8F802B080BD80B582B001900198CB
:1065B00000F0A0F802B080BD80B586B005900491CF
:1065C000039205980190049900F0AAF8019800F050
:1065D00097F8019806B080BD80B582B0019001980F
:1065E00000F098F802B080BD80B582B001900198AB
:1065F000043000F09DF802B080BD000080B584B08A
:1066000003900291019203980090029900F088F89B
:1066100000980430019900F091F8009804B080BD12
:1066200080B584B002900191019800F0B7F840B1B4
:10663000FFE7019800900298009900F051F803904C
:1066400004E0029800F044F80390FFE7039804B0D8
:1066500080BD000080B584B0019003910292039840
:10666000029900F0FFFB019908600298486004B0AD
:1066700080BD000080B584B0039002910192019822
:1066800000F08CF840B1FFE7019800900398029960
:10669000009A00F0B3F804E00398029900F0A4F81F
:1066A000FFE704B080BD000080B582B00190019882
:1066B000FFF714FBFFF778FE02B080BD82B00190B7
:1066C00001994BF26810C0F6010000F03FF800009D
:1066D00080B582B00190019800F0CCFD02B080BD81
:1066E00080B582B0019000910198009900F0D6FD2C
:1066F00002B080BD81B00090009801B070470000EA
:1067000080B584B002900298019000F0DBFB019804
:1067100004B080BD81B00090009801B070470000C7
:1067200082B00190009101980021016002B0704791
:1067300081B000900098006801B0704782B001906D
:10674000009101980099016002B0704784B08446BE
:1067500001A80EC040F2000001AAC2F2000061468A
:10676000009203F033FDAFF30080000080B588B0E5
:1067700007900693059204910499059A069B03934A
:10678000029201910199029A039B00F081F808B0EE
:1067900080BD00006FF000407047000081B00090A5
:1067A00000990020082988BF012001B0704700002F
:1067B00080B582B0019000910198009900F054FDDD
:1067C00002B080BD80B584B003900291019203981D
:1067D0000299019A00F04AFD04B080BD4BF2F1002D
:1067E000C0F60100FFF7B2FF80B582B001900091C2
:1067F00001980099FFF7DCFF02B080BD80B584B03E
:1068000003900291019203980299019AFFF7DAFF2F
:1068100004B080BD80B582B00190009101980099CC
:1068200000F08EFA02B080BD80B582B00190009178
:106830000198009900F08EFA02B080BD80B582B058
:10684000019000910198009900F08EFA02B080BD8D
:1068500080B582B0019000910198009900F08EFA05
:1068600002B080BD84B0039002910192009303981E
:1068700002990160019941600099816004B07047FC
:1068800081B0009000990120087001B070470000AD
:1068900084B003930292019100900098002101704E
:1068A00004B0704781B00090009801B070470000BC
:1068B00080B584B0039002910398029900F002F829
:1068C00004B080BD80B584B0029001910299019A14
:1068D0000DF10F00FFF72EFA18B1FFE701980090B5
:1068E00002E002980090FFE7009804B080BD00002D
:1068F00080B584B0039002910398029900F002F8E9
:1069000004B080BD80B584B0029001910199029AD3
:106910000DF10F00FFF70EFA18B1FFE70198009094
:1069200002E002980090FFE7009804B080BD0000EC
:10693000B0B594B01C46964606901B9A1A98DDF89E
:1069400064C0189B1394CDF848E0CDF844C0109370
:106950000F920E900D910E980F990C910B900D992E
:1069600007A80BAA0EABFFF77DFF0799089A099BB2
:106970000DF12B00FFF7FAFEFFE712A810A900F0B7
:10698000CBFAB8B1FFE70D9803900EA80590FFF77A
:1069900003FD029012A80490FFF796F902990246AF
:1069A0000398FFF7DBFD0498FFF7EEFD0598FFF76E
:1069B000EBFDE2E70DF12B000190FFF761FF069A76
:1069C00001980E990F9B53601160FFF76BFF14B095
:1069D000B0BD000083B00290019102980068009061
:1069E000019800680299086000980199086003B056
:1069F0007047000081B08DED000A009820F0004142
:106A00000020B1F1FF4FB8BF012001B07047000076
:106A100080B584B002900191019903A8FFF7ACFC06
:106A2000039804B080BD000082B0019000910198ED
:106A30000099016002B0704780B584B0039003985C
:106A4000029000680068D0B1FFE70298006800F08B
:106A500025F902980068FFF7DFF90298006800F056
:106A600013F9014602980191006801680091FFF74F
:106A70003FFA009902460198FFF746FDFFE704B090
:106A800080BD000083B002900191009202980199AC
:106A9000016001994968416001994968009A01EBD8
:106AA0000211816003B0704781B0009000980268C5
:106AB0004168516001B0704780B58CB00B900A916D
:106AC0000B98029000F0E0F8014602980991FFF758
:106AD000FBF9014602980131FFF73AF901460298A5
:106AE0000091FFF7F1F900990246099B04A8039071
:106AF000FFF7A6FC099801900698FFF755FC0146A0
:106B000001980A9AFFF71EFD02980399069A10321F
:106B1000069200F047F80398FFF7CCFC0CB080BD5C
:106B200080B586B005900491059802904068039066
:106B3000FFE70498039988420ED0FFE7029800F01F
:106B4000A3F80190039810380390FFF72DFC01463D
:106B50000198FFF7E5FCECE702990498486006B05D
:106B600080BD000080B588B007900691079900911C
:106B700003A802900122FFF785FF009800F084F837
:106B800001900498FFF710FC01460198069AFFF760
:106B9000D9FC0298049910310491FFF785FF08B0E1
:106BA00080BD0000B0B594B0139012911398099075
:106BB000FFF732F9099800F067F801460998059146
:106BC00050F8041F07900EA8FFF7D4FC099801683D
:106BD0000CA8FFF7CFFC129841680AA8FFF7CAFC7F
:106BE00005990E9A0F9B0C98DDF834E00A9C0B9DDA
:106BF000EC46CCF80C50CCF80840CCF804E0CCF8CB
:106C0000000010A80690FFF793FE0698FFF756F8CD
:106C100001460998129A516012990431FFF7DAFE81
:106C2000079812990831FFF7D5FE099800F040F84F
:106C300008901298FFF7FAFB01460898FFF7CAFE82
:106C40000998129A51681160FFF73EF901460998B8
:106C5000FFF7AAF814B0B0BD80B582B000900098DC
:106C60004168FFF7D5FE0190019802B080BD000099
:106C700080B582B0009000980168FFF7C9FE0190CE
:106C8000019802B080BD000080B582B001900198EB
:106C90000830FFF789FC02B080BD000080B582B0EB
:106CA000019001980168FFF73BFF02B080BD000032
:106CB00080B582B0019001980830FFF76DFC02B0FA
:106CC00080BD000080B584B00390029103980090CD
:106CD00041680191FFF7ECFF01460198096888427D
:106CE00005D0FFE700980299FFF73CFF04E0009809
:106CF0000299FFF7E1FEFFE704B080BD80B584B0E4
:106D000003900398009000210160416008300291D7
:106D100002A90DF10702FFF74FFC009804B080BDF7
:106D200080B584B003900399019102A80090FFF709
:106D30007BFE0098FFF780FE019804B080BD000044
:106D400080B582B0019000910198009900F002F99D
:106D500002B080BD80B582B0019000910198009989
:106D600000F006F902B080BD80B582B001900091BC
:106D70000198009900F00AF902B080BD80B582B098
:106D8000019000910198009900F00EF902B080BDC9
:106D900080B584B003900291039801900299FFF7A7
:106DA00003F9019804B080BD80B584B003900291CE
:106DB000039801900299FFF71BF9019804B080BD78
:106DC00080B584B00290029801900DF10F01FFF799
:106DD00031F9019804B080BD80B584B0029002986A
:106DE00001900DF10F01FFF74BF9019804B080BD40
:106DF00080B584B00290029801900DF10F01FFF769
:106E000065F9019804B080BD80B584B00290029805
:106E100001900DF10F01FFF77FF9019804B080BDDB
:106E200080B582B0019001980090FFF79BF900981F
:106E300002B080BD80B584B00390029101920298A7
:106E4000019909010422FFF715FC04B080BD000080
:106E500080B582B0019000910098FFF7E1FF02B089
:106E600080BD000080B584B0039002910398029920
:106E70000191FFF75FFB01460198884202D9FFE7C5
:106E800000F062F8029800010421FFF7C9FB04B08A
:106E900080BD000080B584B00390029101920298F9
:106EA0000199FFF781FF04B080BD000080B584B078
:106EB00003900291019202980199FFF769FF04B0D3
:106EC00080BD000080B582B0019001980090FFF76E
:106ED00015FB009802B080BD80B584B0039002918C
:106EE0000398FEF7C7FE01900298FEF7C3FE014625
:106EF0000198401AB0FA80F0400904B080BD00004B
:106F000080B582B00190009101980099FFF7E4FFED
:106F100080F0010002B080BD80B584B00390029182
:106F20000398FEF7CBFE01900298FEF7C7FE0146DC
:106F30000198401A18BF012004B080BD42F64C00F1
:106F4000C2F20000006870474BF2AA10C0F60100C0
:106F5000FFF7FCFB80B582B001900091009942F2EE
:106F60008010C2F20000FAF743F902B080BD0000C1
:106F700080B582B001900091009942F24020C2F2A7
:106F80000000F9F7A9FD02B080BD000080B582B015
:106F900001900091009942F2C020C2F20000FAF77D
:106FA00007FE02B080BD000080B582B00190009164
:106FB000009942F27030C2F20000FBF7F9FA02B019
:106FC00080BD000080B586B00590049104980078DB
:106FD00008B9FFE763E040F2A470C2F20000007855
:106FE0008DF80F009DF80F00FCF70AFD0146012007
:106FF000029041B9FFE79DF80F000538B0FA80F024
:1070000040090290FFE7029800F001008DF80E00A1
:1070100041F62040C2F20000FEF750FA014600207F
:10702000019049B1FFE741F62040C2F2000068300C
:10703000FEF744FA0190FFE7019800F001008DF897
:107040000D009DF80F0005280CD1FFE740F24431F8
:10705000C2F200010420887640F28071C2F2000181
:1070600048711CE09DF80E00C00728B9FFE79DF8A5
:107070000D00C00708B9FFE711E00498007840F25E
:107080004431C2F2000188760498007840F28071A1
:10709000C2F200014871049900200870FFE706B0B1
:1070A00080BD000080B586B0059004918DF80F205A
:1070B00040F2A470C2F2000000788DF80E009DF836
:1070C0000E00FCF79DFC01460120029041B9FFE74C
:1070D0009DF80E000538B0FA80F040090290FFE7F5
:1070E000029800F001008DF80D0041F62040C2F238
:1070F0000000FEF7E3F901460020019049B1FFE7E7
:1071000041F62040C2F200006830FEF7D7F9019046
:10711000FFE7019800F001008DF80C009DF80E00CB
:10712000052810D1FFE79DF80F000499087040F280
:107130004431C2F200010420887640F28071C2F22C
:107140000001487120E09DF80D00C00728B9FFE755
:107150009DF80C00C00728B9FFE79DF80F000499BF
:10716000087011E09DF80F0040F24431C2F20001B6
:1071700088769DF80F0040F28071C2F200014871DC
:10718000049900200870FFE706B080BD84B003902A
:107190000398009001684268019292ED3F0A92EDD7
:1071A000401A30EE410A9FED1B1A20EE010A81EDD4
:1071B000130A806801780020C907029021B3FFE715
:1071C000019890ED3F0A90ED401A30EE410AB0EE82
:1071D000C00A00209FED101AB4EE410AF1EE10FA39
:1071E000029011DCFFE70098006890ED050AB0EE10
:1071F000C00A9FED0A1A0020B4EE410AF1EE10FA1F
:10720000B8BF01200290FFE7029800F0010004B02F
:10721000704700BFE02E6542A792AB3BCDCCCC3D82
:1072200080B582B00190ADF80210BDF80200A0F563
:107230008060E9F73BFA41EC100B9FED071B53EC24
:10724000112B51EC100BE9F755F941EC100B02B082
:1072500080BD00BF00BF00BF0000000000A0844050
:1072600003F010B803F00EB8FFF7FABF1146FFF7AE
:10727000F9BF000010B50446012898BF012400BFE3
:10728000204603F0CFF8002818BF10BDFFF756FEC8
:1072900008B18047F4E7002010BD0000F0B581B0D0
:1072A0000C460546012898BF0125042998BF0424EF
:1072B0000027684621462A460097E9F7A8FA009871
:1072C00078B96E46FFF73AFE50B180473046214606
:1072D0002A460097E9F79BFA00980028F2D000E0D0
:1072E000002001B0F0BD000081B08DF803009DF9D1
:1072F000030000280ED4FFE79DF9031001F01F02E0
:10730000012090404A094EF20011CEF2000141F8EE
:107310002200FFE701B070474EF60C50CEF200009D
:107320000068C0F30220704782B08DF8070000911A
:107330009DF9070000280AD4FFE7009800019DF995
:1073400007104EF20042CEF2000288540BE0009883
:1073500000019DF8071001F00F014EF61452CEF215
:1073600000028854FFE702B07047000082B08DF839
:10737000070000919DF9070000280AD4FFE7009854
:1073800000019DF907104EF20042CEF2000288542F
:107390000BE0009800019DF8071001F00F014EF678
:1073A0001452CEF200028854FFE702B0704700008A
:1073B00083B00290029800F0070000904EF60C5146
:1073C000CEF200010868019001984FF6FF021040CC
:1073D00001900198009A40EA02200022C0F2FA527D
:1073E000104301900198086003B0704701A000F0BD
:1073F00063F800BF50757265207669727475616CB0
:107400002066756E6374696F6E2063616C6C656471
:107410002100000080B541F6EC30C2F20000007897
:10742000BFF35F8FC007A8B9FFE741F6EC30C2F2A7
:10743000000001F02AFA68B1FFE742F2A800C2F2A8
:107440000000F7F7B5F841F6EC30C2F2000001F0A9
:1074500032FAFFE780BD000080B582B040F2546090
:10746000C2F200000DF10701FDF7CAFE02B080BDB7
:1074700080B542F28800C2F20000F6F71BFA80BD28
:1074800080B541F6C040C2F20000F9F70FF980BDA7
:1074900080B582B040F21860C2F200000DF1070121
:1074A000FDF7EEFE02B080BD80B542F28000C2F270
:1074B0000000FCF79BFA80BDAFF3008080B582B07E
:1074C0000190FFE7E9F77CFE012000F023F8F9E7DF
:1074D00080B582B000200190EDF794FCF1F786F9B9
:1074E000F0F7EAFDF0F766FDF0F714FDF0F73AFD6E
:1074F000F0F76CFEF0F790FEF0F748FEF0F7ACFE08
:10750000E9F7DAFC00F020F8F0F7A0FD00F040F811
:10751000FFE7FEE780B584B00290EFF305800390AB
:10752000039820B1FFE76FF00500019009E000200B
:107530000190029820B1FFE7029801F009FCFFE7F3
:10754000FFE7019804B080BD82B0EFF305800190A1
:10755000019820B1FFE76FF00500009014E040F2C1
:107560005C70C2F20000006848B9FFE740F25C714D
:10757000C2F20001012008600020009003E04FF0FB
:10758000FF300090FFE7FFE7009802B0704700006F
:1075900080B582B0EFF305800190019820B1FFE73C
:1075A0006FF00500009019E040F25C70C2F200003C
:1075B000006801280DD1FFE7F1F7DCF840F25C71BB
:1075C000C2F200010220086001F060FC002000907F
:1075D00003E04FF0FF300090FFE7FFE7009802B0B4
:1075E00080BD0000B0B58EB00B900A9109920020CA
:1075F0000690EFF305800D900D98002840F09980DB
:10760000FFE70B98002800F09480FFE780200790A8
:1076100018200590002008904FF0FF300490099842
:1076200000284DD0FFE70998006820B1FFE70998CE
:1076300000680890FFE70998806920B1FFE7099882
:1076400080690590FFE7059848B1FFE7059838285D
:1076500005D8FFE709980079C00718B1FFE70020B7
:107660000C9069E00998406928B1FFE709984069E2
:1076700080080790FFE70998806880B1FFE70998C4
:10768000C0685C280BD3FFE70998006938B1FFE7B1
:107690000998406918B1FFE7012004900FE00998AC
:1076A000806858B9FFE70998C06838B9FFE70998BA
:1076B000006918B9FFE700200490FFE7FFE702E048
:1076C00000200490FFE70498012817D1FFE70B98EA
:1076D0000899079A0A9BDDF814C0DDF824E0DEF86B
:1076E0000850DEF81040EE46CEF80850CEF80440C0
:1076F000CEF800C002F0B6F9069019E00498B0B9CF
:10770000FFE70B980899BDF81C200A9BDDF814C010
:10771000EE4606ACCEF80440CEF800C002F052F9B6
:10772000012803D0FFE700200690FFE7FFE7FFE70F
:10773000FFE706980C90FFE70C980EB0B0BD000074
:1077400080B584B00390029147F69840C2F20000E1
:107750000068009043F24C40C2F200000068043020
:1077600001F0AEF808B9FFE700E0FFE70398013049
:1077700080B9FFE7029868B1FFE743F24C40C2F2DC
:1077800000000068011D47F67040C2F2000001F0E1
:107790003DF93DE00098039908440190019843F2B7
:1077A0004C41C2F200010968486001980099884282
:1077B0000ED2FFE743F25C40C2F20000006843F2E1
:1077C0004C41C2F200010968043101F0E9F81EE001
:1077D00043F25440C2F20000006843F24C41C2F24E
:1077E00000010968043101F0DBF8019847F6FC312B
:1077F000C2F200010968884207D2FFE7019847F604
:10780000FC31C2F20001086000E0FFE7FFE7FFE79C
:1078100004B080BD80B582B0019001F01FF947F23D
:10782000D041C2F2000108680130086043F24C40C8
:10783000C2F20000006898B9FFE7019843F24C419A
:10784000C2F20001086047F2D040C2F200000068B6
:10785000012803D1FFE700F0F7FA00E0FFE71CE0A2
:1078600047F66440C2F200000068A0B9FFE743F2A7
:107870004C40C2F200000068C06A0199C96A88429F
:1078800007D8FFE7019843F24C41C2F200010860BB
:1078900000E0FFE700E0FFE7FFE747F2DC40C2F26D
:1078A0000000016801310160006801994864019895
:1078B000C06A47F2E041C2F200010968884208D973
:1078C000FFE70198C06A47F2E041C2F20001086098
:1078D000FFE70199C86A00EB800243F26440C2F2FC
:1078E000000000EB8200043101F090F801F0E2F8B2
:1078F00047F66440C2F200000068C8B1FFE743F2F7
:107900004C40C2F200000068C06A0199C96A88420E
:107910000CD2FFE74EF60451CEF200014FF080503A
:107920000860BFF34F8FBFF36F8F00E0FFE700E009
:10793000FFE702B080BD000080B584B001F08EF892
:1079400047F69C40C2F200000068002840D1FFE7E3
:1079500047F69C30C2F20000029001F001F847F6B1
:10796000B030C2F20000039000F0FAFF02990398D1
:1079700043F25042C2F20002116043F26041C2F28F
:107980000001086069460020086043F25832C2F2E4
:10799000000243F2F833C2F200030A20102101F082
:1079A0001BFC014647F69C40C2F2000001600068E3
:1079B00060B1FFE747F69C40C2F2000000684BF25E
:1079C000EE11C0F6010101F067F900E0FFE700E009
:1079D000FFE701F06FF804B080BD000080B582B011
:1079E000FFE747F2D440C2F20000006808B3FFE7A7
:1079F00001F034F847F68440C2F20000C068C06865
:107A000001900198043000F05BFF47F2D041C2F2D0
:107A1000000108680138086047F2D441C2F2000151
:107A200008680138086001F045F8019800F08CF80A
:107A3000D7E702B080BD000080B582B00190009110
:107A40000198006CB8B1FFE70199C8680A6C10444E
:107A5000C86001988168C068884204D3FFE7019933
:107A60000868C86000E0FFE70098019AD168126CCE
:107A7000E8F7DBFBFFE702B080BD000080B586B011
:107A8000059004910392002002900598806B01906C
:107A90000598006C78B9FFE70598006848B9FFE7DA
:107AA0000598806802F04EF90290059900208860E0
:107AB00000E0FFE741E00398B8B9FFE7059A0499B1
:107AC0005068126CE8F7B1FB059948680A6C1044DD
:107AD0004860059948688968884204D3FFE705999A
:107AE0000868486000E0FFE726E0059A0499D0683E
:107AF000126CE8F79AFB0599C8680A6C801AC8608E
:107B000005980168C068884206D2FFE70599886831
:107B10000A6C801AC86000E0FFE70398022809D1C8
:107B2000FFE7019820B1FFE701980138019000E0DC
:107B3000FFE700E0FFE7FFE7FFE701980130059965
:107B40008863029806B080BD80B582B0009000982E
:107B500090F8590040B9FFE70098006B00F0D0FFA3
:107B6000009800F0CDFF1CE0009890F85900012823
:107B700004D1FFE7009800F0C3FF11E0009890F8EF
:107B8000590002280BD0FFE74FF0500080F3118816
:107B9000BFF36F8FBFF34F8F0190FFE7FEE7FFE763
:107BA000FFE702B080BD000082B0019043F2504078
:107BB000C2F2000000680068B0FA80F04009019944
:107BC00008600198006848B9FFE743F25040C2F2EC
:107BD00000000068C0680068009002E0002000908B
:107BE000FFE7009802B0704784B04FF470500090E7
:107BF00043F6C400C2F2000001909DF80400400763
:107C000088B1FFE7019807300190019820F0070044
:107C10000190019A43F6C401C2F200010098891A4A
:107C200008440090FFE701980290029947F66840E7
:107C3000C2F200000160002141600298009A1044E5
:107C40000190019808380190019820F007000190F8
:107C5000019A43F25840C2F200000260026851608B
:107C600002681160029903910199039A891A51607F
:107C70000068039908600398406847F6F831C2F23B
:107C8000000108600398406847F6F031C2F2000135
:107C9000086047F6C431C2F200014FF000400860AE
:107CA00004B0704780B582B00190FFE7FFF796FE01
:107CB00043F26440C2F20000006802280CD3FFE7E0
:107CC0004EF60451CEF200014FF080500860BFF331
:107CD0004F8FBFF36F8F00E0FFE7E7E780B584B019
:107CE000DDF818C00390029101928DF803300298DC
:107CF00018B9FFE70698006003E00198069908604C
:107D0000FFE703980699C8630298069908640698E5
:107D1000012101F0E9FA9DF80300069981F84C0071
:107D200004B080BD80B588B0DDF834C0DDF830C067
:107D3000DDF82CC0DDF828C006900591049203936D
:107D40000C98006B04998900A522E8F78EFA0C982C
:107D5000006B049900EB810004380290029820F037
:107D6000070002909DF80800400758B1FFE74FF068
:107D7000500080F31188BFF36F8FBFF34F8F0790D0
:107D8000FFE7FEE70598F8B1FFE700200190FFE765
:107D900001980F2813D8FFE70598019A805C0C9989
:107DA000114481F8340005980199405C08B9FFE757
:107DB00005E0FFE7FFE7019801300190E8E70C9943
:107DC000002081F8430004E00C99002081F8340081
:107DD000FFE70A98382803D3FFE737200A9000E02E
:107DE000FFE70A980C99C8620A980C99C8640C9924
:107DF0000020009008650C98043000F0C9FD0C9834
:107E0000183000F0C5FD00980C9909610A99C1F17C
:107E100038010C9A91610C9949620C9948650C994A
:107E200081F8580002980699039A00F0D1FC0C9949
:107E300008600B9820B1FFE70C980B99086000E0F0
:107E4000FFE708B080BD000080B584B0002003903B
:107E5000FFE70398372810D8FFE7039800EB80016D
:107E600043F26440C2F2000000EB810000F078FDB4
:107E7000FFE7039801300390EBE747F6C830C2F202
:107E80000000019000F06CFD47F6DC30C2F200000B
:107E9000029000F065FD47F61040C2F2000000F0CD
:107EA0005FFD47F68440C2F2000000F059FD47F63E
:107EB0007040C2F2000000F053FD0199029843F2B5
:107EC0005442C2F20002116043F25C41C2F200016E
:107ED000086004B080BD000083B0029047F668409F
:107EE000C2F200000190FFE7019800680299884201
:107EF00005D2FFE7FFE7019800680190F4E70198D9
:107F0000009000980199496808440299884209D173
:107F1000FFE7029842680199486810444860019858
:107F2000029000E0FFE702980090009802994968EB
:107F3000084401990968884220D1FFE70198006848
:107F400043F25841C2F20001096888420DD0FFE7B0
:107F50000198006842680299486810444860019896
:107F6000006800680299086007E043F25840C2F2D6
:107F70000000006802990860FFE704E001980068CB
:107F800002990860FFE701980299884204D0FFE750
:107F900002980199086000E0FFE703B07047000015
:107FA00080B586B005900491039202930020019061
:107FB00004980599486005980061049803998842DF
:107FC00016D8FFE703980299401A059989698842F3
:107FD00003D3FFE70120019009E043F26040C2F2C1
:107FE000000000680599043100F0DAFCFFE717E0B3
:107FF00003980299884208D2FFE7049802998842C0
:1080000003D3FFE70120019009E043F25040C2F2A0
:10801000000000680599043100F0C2FCFFE7FFE7AB
:10802000019806B080BD000080B582B0019000F0DC
:1080300015FD0198806B18B9FFE70120009002E060
:1080400000200090FFE700F035FD009802B080BDF1
:1080500080B582B0019000F001FD0198806B01991C
:10806000C96B884203D1FFE70120009002E00020A5
:108070000090FFE700F01EFD009802B080BD0000F8
:1080800008480068006880F308884FF0000080F31B
:10809000148862B661B6BFF34F8FBFF36F8F00DFF6
:1080A00000BF000008ED00E080B586B004900391A9
:1080B00043F25040C2F200000068C068C0680190FE
:1080C0000198043000F0FCFB019890F8280040076C
:1080D000002823D5FFE70198049B81691944039A7E
:1080E000FFF75EFFC0B1FFE70198049A69460023DD
:1080F0000B60194602F012F80290029858B9FFE797
:108100004FF0500080F31188BFF36F8FBFF34F8F94
:108110000590FFE7FEE700E0FFE707E0019991F82F
:10812000280000F0FE0081F82800FFE70198016AAE
:10813000884706B080BD000080B58EB0FFE747F6E7
:108140009C40C2F20000006807A9002201F0E6FA94
:10815000002800F0B880FFE70798B0F1FF3F17DC78
:10816000FFE707A804300290029858B9FFE74FF0E4
:10817000500080F31188BFF36F8FBFF34F8F0D90C6
:10818000FFE7FEE702990A6848688968904700E0BF
:10819000FFE70798002800F19580FFE7099806900F
:1081A0000698406928B1FFE70698043000F088FB84
:1081B00000E0FFE705A800F0FBF8039007980190A6
:1081C000092800F27D800199DFE801F00505053DF1
:1081D000456605053D45069991F8280040F00100E7
:1081E00081F828000698089B81691944039AFFF7D3
:1081F000D7FE30B3FFE70698016A8847069890F8E3
:108200002800400700281AD5FFE7069808998269D8
:108210000A44694600230B60194601F07FFF049071
:10822000049858B9FFE74FF0500080F31188BFF36E
:108230006F8FBFF34F8F0C90FFE7FEE700E0FFE783
:1082400000E0FFE73DE0069991F8280000F0FE000D
:1082500081F8280035E0069991F8280040F00100E7
:1082600081F828000898069988610698806958B9AD
:10827000FFE74FF0500080F31188BFF36F8FBFF31B
:108280004F8F0B90FFE7FEE70698039B8169194427
:108290001A46FFF785FE14E0069890F8280080073C
:1082A000002804D4FFE7069800F02AFC07E00699AE
:1082B00091F8280000F0FE0081F82800FFE700E0B8
:1082C000FFE7FFE73BE70EB080BD000080B584B05C
:1082D0000390029100F04AFE684600F069F80190B0
:1082E0000098D8BBFFE7029860B9FFE703980199AF
:1082F000884207D8FFE701F003FE03980199FFF7D2
:10830000D3FE2AE0029858B1FFE743F26040C2F280
:10831000000000680068B0FA80F040090290FFE7B2
:1083200047F69C40C2F2000000680399019A891A3E
:10833000029A00F0DBFC01F0E3FD60B9FFE74EF6C6
:108340000451CEF200014FF080500860BFF34F8F10
:10835000BFF36F8F00E0FFE7FFE702E001F0D0FD21
:10836000FFE704B080BD000081B043F25440C2F288
:1083700000000068006840B9FFE747F6FC31C2F230
:1083800000014FF0FF3008600FE043F25440C2F2AA
:1083900000000068C068C06800900098406847F618
:1083A000FC31C2F200010860FFE701B07047000035
:1083B00080B582B0019001F0D9FB0090009843F2A3
:1083C0004841C2F200010968884206D2FFE700F086
:1083D00011F801990120086003E00199002008606C
:1083E000FFE7009843F24841C2F20001086000989C
:1083F00002B080BD80B588B0FFE743F25040C2F2C2
:1084000000000068006800284ED0FFE743F25040AB
:10841000C2F200000168C968096806910068C06876
:10842000C06803900398043000F04AFA0398016A88
:108430008847039890F828004007002832D5FFE7C6
:108440000698039989690844059005980699884219
:108450000FD9FFE70598039948600398006143F23C
:108460005040C2F2000000680399043100F098FA0D
:1084700017E00398069A694600230B60194601F03D
:108480004DFE0290029858B9FFE74FF0500080F37C
:108490001188BFF36F8FBFF34F8F0790FFE7FEE7A1
:1084A000FFE700E0FFE7A8E743F25042C2F2000214
:1084B0001068049043F26041C2F200010868106045
:1084C0000498086008B080BD83B00020009040F29E
:1084D000AC50C2F200000068013058B1FFE74FF025
:1084E000500080F31188BFF36F8FBFF34F8F02905E
:1084F000FFE7FEE74FF0500080F31188BFF36F8F66
:10850000BFF34F8F0190FFE7009808B9FFE7FBE743
:1085100003B0704780B584B00390FFE701A8FFF770
:1085200043FB029002980199FFF7D0FEFFF704FE8B
:10853000F4E7000080B582B0019000F08FFA019856
:1085400090F845008DF80300FFE79DF9030001282E
:1085500016DBFFE70198406A58B1FFE70198243025
:1085600001F066FC18B1FFE700F03CFC00E0FFE71B
:1085700000E005E09DF8030001388DF80300E4E712
:108580000199FF2081F8450000F094FA00F066FAA6
:10859000019890F844008DF80200FFE79DF9020071
:1085A000012816DBFFE70198006980B1FFE7019819
:1085B000103001F03DFC18B1FFE700F013FC00E0C3
:1085C000FFE79DF8020001388DF8020000E000E0AE
:1085D000E4E70199FF2081F8440000F06BFA02B053
:1085E00080BD000080B58AB006900020029000F0A7
:1085F000BDFC43F25840C2F20000006818B9FFE722
:10860000FFF7F2FA00E0FFE7069847F6C431C2F23E
:1086100000010968084240F0C580FFE7069800B3F2
:10862000FFE70698083006909DF818004007B0B1A3
:10863000FFE7069820F00700083006909DF8180024
:10864000400758B1FFE74FF0500080F31188BFF3A7
:108650006F8FBFF34F8F0990FFE7FEE700E0FFE762
:1086600000E0FFE70698002800F09A80FFE70698F0
:1086700047F6F031C2F200010968884200F29080AA
:10868000FFE747F66840C2F20000049000680590DA
:10869000FFE705984168069A00209142019007D2B1
:1086A000FFE705980068002818BF01200190FFE748
:1086B0000198C00730B1FFE705980490059800685D
:1086C0000590E6E7059843F25841C2F200010968B7
:1086D000884263D0FFE7049800680830029005984C
:1086E000006804990860059840680699401A1128A6
:1086F00021D3FFE705980699084403909DF80C00E4
:10870000400758B1FFE74FF0500080F31188BFF3E6
:108710006F8FBFF34F8F0890FFE7FEE70598406823
:108720000699401A0399486006980599486003988D
:10873000FFF7D2FB00E0FFE70598426847F6F0300C
:10874000C2F200000168891A0160006847F6F8313A
:10875000C2F20001096888420BD2FFE747F6F03009
:10876000C2F20000006847F6F831C2F2000108606A
:1087700000E0FFE747F6C430C2F200000268059946
:1087800048681043486005990020086047F6044196
:10879000C2F2000108680130086000E0FFE700E075
:1087A000FFE700E0FFE701F0ABFB9DF808004007A2
:1087B00058B1FFE74FF0500080F31188BFF36F8F7F
:1087C000BFF34F8F0790FFE7FEE702980AB080BD26
:1087D00083B00290019100920298043802900299AD
:1087E0004FF080700860029804380290019820F0E1
:1087F000010002990860029804380290029948F238
:10880000C940C0F601000860029814380290009830
:108810000299086002980438029002996FF00200F1
:108820000860029820380290029803B07047000058
:1088300080B582B0019041F60C40C2F20000007891
:10884000BFF35F8FC007A8B9FFE741F60C40C2F243
:10885000000000F01AF868B1FFE742F25840C2F297
:108860000000F5F7F1FB41F60C40C2F2000000F009
:1088700022F8FFE7FFE742F25840C2F20000F5F7A6
:1088800075FB0420FEF746FEF5E7017809B10020EC
:1088900070474178012903D08A0705D4022242702B
:1088A000481E18BF0120704780B54BF2FB10C0F680
:1088B0000100FEF701FE01210170417070470000C8
:1088C00082B0019001980069009001984168806829
:1088D00088600199486889684860009840680199F3
:1088E000884205D1FFE7019880680099486000E060
:1088F000FFE70199002008610099086801380860C5
:108900000098006802B0704783B002900191009215
:10891000029947F2E460C2F200000860019947F250
:10892000E440C2F20000086000998020086003B0B3
:108930007047000083B0029001910092029947F6BF
:108940004030C2F200000860019947F24070C2F264
:108950000000086000994FF48070086003B0704711
:1089600081B00090009901F10800486000994FF033
:10897000FF308860009901F10800C860009901F19A
:108980000800086100990020086001B070470000ED
:1089900081B0009000990020086101B0704700008C
:1089A00084B0039002910298006800900098013012
:1089B00020B9FFE703980069019010E003980830A0
:1089C0000190FFE70198406800680099884205D847
:1089D000FFE7FFE7019840680190F3E7FFE70198A0
:1089E000406802994860029841688860019802993D
:1089F0008860029801994860039802990861039978
:108A000008680130086004B07047000083B002902D
:108A10000191029840680090009801994860009880
:108A20008068019988600198009989684860019878
:108A300000998860029801990861029908680130DC
:108A4000086003B070470000DFF80C00016841F4D3
:108A5000700101607047000088ED00E082B04FF0C7
:108A6000500080F31188BFF36F8FBFF34F8F0190D9
:108A700040F2AC50C2F200000168013101600068B0
:108A8000012814D1FFE74EF60450CEF20000006832
:108A9000000658B1FFE74FF0500080F31188BFF394
:108AA0006F8FBFF34F8F0090FFE7FEE7FFE702B045
:108AB0007047000082B040F2AC50C2F20000006883
:108AC00058B9FFE74FF0500080F31188BFF36F8F64
:108AD000BFF34F8F0090FFE7FEE740F2AC50C2F2C9
:108AE0000000016801390160006830B9FFE700202B
:108AF0000190019880F31188FFE702B070470000F1
:108B000080B586B0039003980290039800285CD04B
:108B1000FFE7029808380290029801900198406897
:108B200047F6C431C2F20001096808420BD1FFE7E1
:108B30004FF0500080F31188BFF36F8FBFF34F8F5A
:108B40000590FFE7FEE70198006858B1FFE74FF096
:108B5000500080F31188BFF36F8FBFF34F8F0490E5
:108B6000FFE7FEE70198406847F6C431C2F2000112
:108B70000968084227D0FFE70198006808BBFFE7B3
:108B800047F6C430C2F20000026801994868904379
:108B9000486000F0EBF90198426847F6F031C2F204
:108BA00000010868104408600198FFF795F947F63E
:108BB0000841C2F2000108680130086001F0A0F924
:108BC00000E0FFE700E0FFE7FFE706B080BD000040
:108BD0004EF21001CEF20001002008604EF21802A1
:108BE000CEF20002106040F24030C2F20000006895
:108BF00044F6D352C1F26202A0FB02024FF0FF30F2
:108C000000EB92104EF21402CEF200021060072028
:108C10000860704784B0EFF3058001900198102838
:108C20001ED3FFE701984EF2F031CEF20001405C16
:108C30008DF803009DF8030047F2C441C2F2000121
:108C4000097888420BDAFFE74FF0500080F3118873
:108C5000BFF36F8FBFF34F8F0390FFE7FEE7FFE790
:108C60004EF60C50CEF20000006800F4E06047F2CF
:108C7000C841C2F20001096888420BD9FFE74FF0F2
:108C8000500080F31188BFF36F8FBFF34F8F0290B6
:108C9000FFE7FEE704B0704783B002900191002027
:108CA0000090FFE7009807281DD8FFE7009947F6D6
:108CB0002440C2F2000050F8310070B9FFE701987B
:108CC000009A47F62441C2F2000141F832000298AE
:108CD000009A01EBC201486005E0FFE7FFE700985A
:108CE00001300090DEE703B07047000080B584B02B
:108CF00003900291019203980090FFF7AFFE009855
:108D000090F94400013028B9FFE70099002081F86C
:108D10004400FFE7009890F94500013028B9FFE7CB
:108D20000099002081F84500FFE7FFF7C3FE009897
:108D3000806B38B9FFE7009824300299019A00F05F
:108D40007BF800E0FFE70098FFF7F4FB04B080BD7C
:108D500080B584B00290002001900298E0B1FFE756
:108D600047F2D840C2F20000006858B1FFE74FF068
:108D7000500080F31188BFF36F8FBFF34F8F0390C4
:108D8000FFE7FEE700F0F2F802980021FEF7D8FCBA
:108D900001F0B6F8019000E0FFE7019860B9FFE745
:108DA0004EF60451CEF200014FF080500860BFF340
:108DB0004F8FBFF36F8F00E0FFE704B080BD00006E
:108DC00081B0009047F60040C2F2000000680099B0
:108DD000086047F69840C2F20000006800994860B9
:108DE00001B0704747F6A441C2F2000101200860BB
:108DF0007047000080B584B002900191029858B984
:108E0000FFE74FF0500080F31188BFF36F8FBFF37F
:108E10004F8F0390FFE7FEE7029843F24C41C2F206
:108E2000000109681831FFF7BBFD01980121FEF729
:108E300087FC04B080BD000080B584B00290019131
:108E40000092029858B9FFE74FF0500080F3118864
:108E5000BFF36F8FBFF34F8F0390FFE7FEE70298DA
:108E600043F24C41C2F2000109681831FFF7CEFD10
:108E7000009820B1FFE74FF0FF300190FFE7019825
:108E80000099FEF75DFC04B080BD000080B58AB09B
:108E9000002003900690059006A805A904AAFFF7F4
:108EA00033FD039B049A0599DDF818C06846C0F8A5
:108EB00008C04160036047F6A540C0F601004BF2D0
:108EC000E911C0F6010100F0CDFD014647F6F4308E
:108ED000C2F200000160006818B1FFE701200790AE
:108EE00002E000200790FFE70798012804D1FFE780
:108EF00001F0CAF8079000E0FFE70798012823D1A6
:108F0000FFE74FF0500080F31188BFF36F8FBFF37E
:108F10004F8F099047F6FC31C2F200014FF0FF304D
:108F2000086047F66441C2F200010120086047F67C
:108F30009841C2F200010020086000F083F808B1F7
:108F4000FFE700E0FFE70FE00798013058B9FFE7BF
:108F50004FF0500080F31188BFF36F8FBFF34F8F36
:108F60000890FFE7FEE7FFE70AB080BD47F2D8416F
:108F7000C2F20001086801300860704783B047F210
:108F8000D840C2F20000006838B1FFE747F6A441BC
:108F9000C2F200010120086051E047F6A441C2F28C
:108FA00000010020086047F2E040C2F200000068C3
:108FB0000190FFE7019800EB800143F26440C2F2A8
:108FC000000050F8210090B9FFE7019858B9FFE779
:108FD0004FF0500080F31188BFF36F8FBFF34F8FB6
:108FE0000290FFE7FEE7019801380190E2E701985F
:108FF00000EB800143F26440C2F2000000EB81000C
:1090000000900099486840684860009948680831B5
:10901000884205D1FFE70099486840684860FFE74B
:1090200000984068C06843F24C41C2F200010860F9
:10903000019847F2E041C2F200010860FFE703B087
:109040007047000080B588B04EF60050CEF20000A8
:1090500000684CF27121C4F20F1188420BD1FFE776
:109060004FF0500080F31188BFF36F8FBFF34F8F25
:109070000790FFE7FEE74EF60050CEF200000068D2
:109080004CF27021C4F20F1188420BD1FFE74FF070
:10909000500080F31188BFF36F8FBFF34F8F06909E
:1090A000FFE7FEE74EF20040CEF2000003900178A9
:1090B0000491FF21017000788DF80B009DF80B00E2
:1090C00000F0500047F2C441C2F20001087047F2BC
:1090D000C841C2F2000107200860FFE79DF80B00BD
:1090E000000600280DD5FFE747F2C841C2F2000193
:1090F0000868013808609DF80B0040008DF80B00EF
:10910000ECE747F2C840C2F20000006803280BD029
:10911000FFE74FF0500080F31188BFF36F8FBFF36C
:109120004F8F0590FFE7FEE747F2C841C2F200010A
:10913000086800020860086800F4E06008600498AD
:109140004EF20041CEF2000108704EF62051CEF2F0
:109150000001086840F470000860086840F0704042
:109160000860FFF735FD40F2AC51C2F2000100206B
:1091700001900860FFF768FC4EF63471CEF20001F2
:10918000086840F040400860FEF77AFFFFF7F6FEFF
:10919000FFF79AF9019808B080BD000080B582B051
:1091A0004FF0500080F31188BFF36F8FBFF34F8FE4
:1091B000009000F0E5FC40B1FFE74EF60451CEF21E
:1091C00000014FF080500860FFE7002001900198F7
:1091D00080F3118802B080BD80B590B084461298AB
:1091E000CDF828C00991089207938DF81B000A98C2
:1091F00058B9FFE74FF0500080F31188BFF36F8F2D
:10920000BFF34F8F0F90FFE7FEE7079858B9FFE7CE
:109210004FF0500080F31188BFF36F8FBFF34F8F73
:109220000E90FFE7FEE708990020039031B1FFE7B9
:109230000998B0FA80F040090390FFE70398C0074F
:1092400058B1FFE74FF0500080F31188BFF36F8FE4
:10925000BFF34F8F0D90FFE7FEE7089900200290C3
:1092600031B9FFE70998002818BF01200290FFE7F5
:109270000298C00758B1FFE74FF0500080F3118803
:10928000BFF36F8FBFF34F8F0C90FFE7FEE75020C7
:109290000490049850280BD0FFE74FF0500080F363
:1092A0001188BFF36F8FBFF34F8F0B90FFE7FEE77F
:1092B000049807980590059888B1FFE70599012063
:1092C00081F846000A980999089A9DF81B30DDF844
:1092D00014C0EE46CEF800C0FEF700FD00E0FFE748
:1092E000059810B080BD000080B584B00290019157
:1092F00002980090009858B9FFE74FF0500080F3B3
:109300001188BFF36F8FBFF34F8F0390FFE7FEE726
:10931000FFF7A4FB00990B68C86B0A6C00FB0230D6
:109320008860009900208863009908684860009967
:109330000B68C86B0A6C013800FB0230C8600099EA
:10934000FF2081F84400009981F845000198D0B9C8
:10935000FFE700980069A0B1FFE70098103000F027
:1093600067FD60B1FFE74EF60451CEF200014FF009
:1093700080500860BFF34F8FBFF36F8F00E0FFE7AF
:1093800000E0FFE708E000981030FFF7E9FA0098E6
:109390002430FFF7E5FAFFE7FFF78CFB012004B06C
:1093A00080BD000080B592B00C900B910A92099399
:1093B000002008900C980490049858B9FFE74FF0EB
:1093C000500080F31188BFF36F8FBFF34F8F119060
:1093D000FFE7FEE70B990020039039B9FFE70498F7
:1093E000006C002818BF01200390FFE70398C00716
:1093F00058B1FFE74FF0500080F31188BFF36F8F33
:10940000BFF34F8F1090FFE7FEE709990020022974
:10941000029007D1FFE70498C06B013818BF012004
:109420000290FFE70298C00758B1FFE74FF05000E5
:1094300080F31188BFF36F8FBFF34F8F0F90FFE75B
:10944000FEE700F077FB01460020019031B9FFE70D
:109450000A98002818BF01200190FFE70198C00773
:1094600058B1FFE74FF0500080F31188BFF36F8FC2
:10947000BFF34F8F0E90FFE7FEE7FFE7FFF7EEFA2F
:109480000498806B0499C96B884204D3FFE709985C
:10949000022834D1FFE704980B99099AFEF7EEFAF7
:1094A00007900498406AA0B1FFE70498243000F0C8
:1094B000BFFC60B1FFE74EF60451CEF200014FF061
:1094C00080500860BFF34F8FBFF36F8F00E0FFE75E
:1094D00010E0079860B1FFE74EF60451CEF20001AC
:1094E0004FF080500860BFF34F8FBFF36F8F00E0E5
:1094F000FFE7FFE7FFF7DEFA01200D9065E00A982D
:1095000028B9FFE7FFF7D6FA00200D905DE0089834
:1095100030B9FFE705A8FFF753FC0120089000E0F1
:10952000FFE7FFE7FFE7FFF7C5FAFFF71FFDFFF7CC
:1095300095FA049890F94400013028B9FFE704999E
:10954000002081F84400FFE7049890F945000130BD
:1095500028B9FFE70499002081F84500FFE7FFF7ED
:10956000A9FA05A80AA900F0C7F928BBFFE70498E3
:10957000FEF76EFDC8B1FFE7049810300A99FFF7B7
:1095800039FC0498FEF7D6FF00F0BAFC60B9FFE79B
:109590004EF60451CEF200014FF080500860BFF348
:1095A0004F8FBFF36F8FFFE705E00498FEF7C2FF10
:1095B00000F0A6FCFFE707E00498FEF7BBFF00F011
:1095C0009FFC00200D9000E058E70D9812B080BD80
:1095D00080B592B00B900A91099208930B98059070
:1095E000059858B9FFE74FF0500080F31188BFF39A
:1095F0006F8FBFF34F8F0E90FFE7FEE70A990020B1
:10960000029039B9FFE70598006C002818BF0120C7
:109610000290FFE70298C00758B1FFE74FF05000F3
:1096200080F31188BFF36F8FBFF34F8F0D90FFE76B
:10963000FEE7089900200229019007D1FFE705986D
:10964000C06B013818BF01200190FFE70198C007E7
:1096500058B1FFE74FF0500080F31188BFF36F8FD0
:10966000BFF34F8F0C90FFE7FEE7FFF7D3FAEFF35E
:1096700011814FF0500080F31188BFF36F8FBFF35B
:109680004F8F10910F90109806900598806B059958
:10969000C96B884204D3FFE70898022833D1FFE75B
:1096A000059890F845008DF813000598806B03909D
:1096B00005980A99089AFEF7E1F99DF9130001301F
:1096C000B8B9FFE70598406A88B1FFE705982430EC
:1096D00000F0AEFB48B1FFE7099820B1FFE7099918
:1096E0000120086000E0FFE700E0FFE700E0FFE79F
:1096F00006E09DF813000130059981F84500FFE769
:109700000120079002E000200790FFE706981190E3
:10971000119880F31188079812B080BD80B58EB083
:1097200009900891079200200690099803900398E9
:1097300058B9FFE74FF0500080F31188BFF36F8FE7
:10974000BFF34F8F0D90FFE7FEE7089900200190CF
:1097500039B9FFE70398006C002818BF0120019079
:10976000FFE70198C00758B1FFE74FF0500080F3C2
:109770001188BFF36F8FBFF34F8F0C90FFE7FEE7A9
:1097800000F0D8F901460020009031B9FFE70798B2
:10979000002818BF01200090FFE70098C00758B1CB
:1097A000FFE74FF0500080F31188BFF36F8FBFF3D6
:1097B0004F8F0B90FFE7FEE7FFE7FFF74FF90398A6
:1097C000806B0290029830B3FFE703980899FEF788
:1097D00033F9029801380399886303980069A0B1AE
:1097E000FFE70398103000F023FB60B1FFE74EF66F
:1097F0000451CEF200014FF080500860BFF34F8F4C
:10980000BFF36F8F00E0FFE700E0FFE7FFF752F9DB
:1098100001200A906DE0079828B9FFE7FFF74AF9A1
:1098200000200A9065E0069830B9FFE704A8FFF72A
:10983000C7FA0120069000E0FFE7FFE7FFE7FFF728
:1098400039F9FFF793FBFFF709F9039890F9440002
:10985000013028B9FFE70399002081F84400FFE7B1
:10986000039890F94500013028B9FFE703990020DB
:1098700081F84500FFE7FFF71DF904A807A900F0EC
:109880003BF830BBFFE70398FEF7CEFBD0B1FFE714
:10989000039824300799FFF7ADFA0398FEF74AFEC4
:1098A00000F02EFB60B9FFE74EF60451CEF2000146
:1098B0004FF080500860BFF34F8FBFF36F8F00E011
:1098C000FFE705E00398FEF735FE00F019FBFFE720
:1098D0000EE00398FEF72EFE00F012FB0398FEF751
:1098E000A3FB18B1FFE700200A9002E0FFE7FFE7C3
:1098F00063E70A980EB080BD80B588B005900491EA
:10990000059858B9FFE74FF0500080F31188BFF376
:109910006F8FBFF34F8F0790FFE7FEE7049858B9AA
:10992000FFE74FF0500080F31188BFF36F8FBFF354
:109930004F8F0690FFE7FEE7FFF790F847F6984055
:10994000C2F2000000680290029805994968401A26
:10995000019004980068013018B9FFE700200390D7
:109960002BE047F60040C2F2000000680599096844
:10997000884209D0FFE7029805994968884203D3D5
:10998000FFE70120039017E00198049909688842D5
:109990000BD2FFE7019A04990868801A08600598BD
:1099A000FFF70EFA0020039005E0049900200860FC
:1099B00001200390FFE7FFE7FFE7FFF77BF803983D
:1099C00008B080BD70B58CB0DDF844C0DDF840C093
:1099D0000B900A91ADF826200893BDF82600800070
:1099E000FEF700FE0590059880B1FFE75C20FEF7CA
:1099F000F9FD0790079820B1FFE7059807990863DC
:109A000003E00598FFF77CF8FFE702E000200790ED
:109A1000FFE70798F0B1FFE70798002680F8596044
:109A20000B980A99BDF82620089BDDF840C0119CD0
:109A3000079DEE46CEF80C60CEF80850CEF80440F4
:109A4000CEF800C0FEF76EF90798FDF7E3FE01209F
:109A5000069003E04FF0FF300690FFE706980CB049
:109A600070BD0000B0B58EB0DDF850C0DDF84CC060
:109A7000DDF848C00A90099108920793139858B9E5
:109A8000FFE74FF0500080F31188BFF36F8FBFF3F3
:109A90004F8F0D90FFE7FEE7149858B9FFE74FF09E
:109AA000500080F31188BFF36F8FBFF34F8F0C907E
:109AB000FFE7FEE75C20049004985C280BD0FFE7EA
:109AC0004FF0500080F31188BFF36F8FBFF34F8FBB
:109AD0000B90FFE7FEE70498149820B3FFE7139874
:109AE00008B3FFE71498069013980699086306993F
:109AF000022081F859000A980999089A079BDDF815
:109B000048C0069CEE460025CEF80C50CEF8084022
:109B100005ACCEF80440CEF800C0FEF703F9069875
:109B2000FDF778FE02E000200590FFE705980EB0F3
:109B3000B0BD000081B047F66440C2F2000000688A
:109B400018B9FFE7012000900DE047F2D840C2F2BB
:109B50000000006818B9FFE70220009002E0002032
:109B60000090FFE7FFE7009801B0704781B047F62B
:109B70009840C2F2000000680090009801B0704761
:109B800080B586B00020029047F2D840C2F20000B3
:109B90000068002840F0CB80FFE747F69841C2F20A
:109BA000000108680130019001980860019858BBD5
:109BB000FFE743F25440C2F200000068006858B169
:109BC000FFE74FF0500080F31188BFF36F8FBFF3B2
:109BD0004F8F0590FFE7FEE743F25442C2F20002C6
:109BE0001068009043F25C41C2F200010868106006
:109BF0000098086047F60041C2F200010868013091
:109C00000860FEF7B1FB00E0FFE7019847F6FC3182
:109C1000C2F200010968884268D3FFE7FFE743F218
:109C20005440C2F200000068006840B9FFE747F600
:109C3000FC31C2F200014FF0FF30086055E043F202
:109C40005440C2F200000068C068C06804900498E4
:109C50004068039001980399884207D2FFE7039870
:109C600047F6FC31C2F2000108603EE0FFE70498CD
:109C70000430FEF725FE0498806A28B1FFE70498B7
:109C80001830FEF71DFE00E0FFE70498C06A47F2B7
:109C9000E041C2F200010968884208D9FFE7049850
:109CA000C06A47F2E041C2F200010860FFE7049990
:109CB000C86A00EB800243F26440C2F2000000EB8D
:109CC00082000431FEF7A2FE0498C06A43F24C41C0
:109CD000C2F200010968C96A884203D3FFE7012084
:109CE000029000E0FFE7FFE799E7FFE743F24C400F
:109CF000C2F200000068C06A00EB800143F26440D9
:109D0000C2F2000050F82100022803D3FFE701202F
:109D1000029000E0FFE747F6A440C2F200000068AE
:109D200018B1FFE70120029000E0FFE707E047F6E7
:109D30000C41C2F20001086801300860FFE7029898
:109D400006B080BD80B586B00390039802900020D5
:109D500001900398002867D0FFE7029843F24C4136
:109D6000C2F20001096888420BD0FFE74FF05000B3
:109D700080F31188BFF36F8FBFF34F8F0590FFE71C
:109D8000FEE70298006D58B9FFE74FF0500080F3EE
:109D90001188BFF36F8FBFF34F8F0490FFE7FEE78B
:109DA0000299086D013808650299C86AC96C884231
:109DB00038D0FFE70298006D90BBFFE702980430AF
:109DC000FEF77EFD08B9FFE700E0FFE70299C86CE7
:109DD000C8620299C86AC0F1380088610298C06AF6
:109DE00047F2E041C2F200010968884208D9FFE762
:109DF0000298C06A47F2E041C2F200010860FFE742
:109E00000299C86A00EB800243F26440C2F200008B
:109E100000EB82000431FEF7F9FD0120019000E023
:109E2000FFE700E0FFE700E0FFE7019806B080BD34
:109E300080B584B002900298C068C0680190019813
:109E400058B9FFE74FF0500080F31188BFF36F8FD0
:109E5000BFF34F8F0390FFE7FEE701981830FEF73E
:109E60002FFD47F2D840C2F20000006820BBFFE798
:109E700001980430FEF724FD0198C06A47F2E041E2
:109E8000C2F200010968884208D9FFE70198C06A58
:109E900047F2E041C2F200010860FFE70199C86A99
:109EA00000EB800243F26440C2F2000000EB82004B
:109EB0000431FEF7ABFD09E0019800F1180147F607
:109EC0001040C2F20000FEF7A1FDFFE70198C06A52
:109ED00043F24C41C2F200010968C96A884208D9BC
:109EE000FFE70120009047F6A441C2F2000108609C
:109EF00002E000200090FFE7009804B080BD000061
:109F000080B584B000200290019047F2D840C2F2A0
:109F10000000006858B9FFE74FF0500080F3118847
:109F2000BFF36F8FBFF34F8F0390FFE7FEE7FEF79E
:109F300095FD47F2D840C2F2000001680139016086
:109F40000068002840F09980FFE747F2D040C2F255
:109F500000000068002800F08F80FFE7FFE747F669
:109F60001040C2F200000068002842D0FFE747F628
:109F70001040C2F20000C068C06802900298183019
:109F8000FEF79EFC02980430FEF79AFC0298C06A25
:109F900047F2E041C2F200010968884208D9FFE7B0
:109FA0000298C06A47F2E041C2F200010860FFE790
:109FB0000299C86A00EB800243F26440C2F20000DA
:109FC00000EB82000431FEF721FD0298C06A43F2E3
:109FD0004C41C2F200010968C96A884207D3FFE711
:109FE00047F6A441C2F200010120086000E0FFE74B
:109FF000B5E7029818B1FFE7FEF7B6F9FFE747F6B5
:10A000000C40C2F20000006800900098E0B1FFE749
:10A01000FFE7FFF7B5FD38B1FFE747F6A441C2F20D
:10A0200000010120086000E0FFE70098013800907F
:10A03000FFE700980028ECD1FFE747F60C41C2F299
:10A0400000010020086000E0FFE747F6A440C2F2EC
:10A050000000006870B1FFE7012001904EF6045146
:10A06000CEF200014FF080500860BFF34F8FBFF376
:10A070006F8F00E0FFE7FFE700E0FFE7FEF71AFD64
:10A08000019804B080BD000080B58AB0002008901F
:10A09000FDF752FC47F69C40C2F20000006858B33E
:10A0A000FFE7002004900790069007A806A905AADC
:10A0B000FEF740FC049B059A0698DDF81CC0694633
:10A0C000C1F808C048600220086048F21550C0F688
:10A0D00001004BF2F311C0F60101FFF7C3FC01468A
:10A0E00047F6A040C2F200000160006818B1FFE727
:10A0F00001200890FFE700E0FFE7089858B9FFE764
:10A100004FF0500080F31188BFF36F8FBFF34F8F74
:10A110000990FFE7FEE708980AB080BD80B58AB0D5
:10A12000DDF830C008900791069205930020049056
:10A13000089858B9FFE74FF0500080F31188BFF33B
:10A140006F8FBFF34F8F0990FFE7FEE747F69C4004
:10A15000C2F200000068A8B3FFE7079800900698D5
:10A16000019008980290079805281EDCFFE7FFF78A
:10A17000E1FC02280CD1FFE747F69C40C2F2000048
:10A1800000680C9A69460023FFF70CF904900BE075
:10A1900047F69C40C2F200000068694600231A4658
:10A1A000FFF700F90490FFE70BE047F69C40C2F28E
:10A1B00000000068059A69460023FFF709FA049039
:10A1C000FFE700E0FFE704980AB080BD30B4144612
:10A1D0000D4602462146284630BC014B00F0B2BA7B
:10A1E00073AE01082DE9F0430B30DFF8889020F0C2
:10A1F00007050027A1F1010C1F4C21E0061D72424A
:10A2000003680CEA0202934219D39E1AAE4216D397
:10A210004AB1861850F8044F9B1AC6E9003440E949
:10A22000012604463046AB4205D95B1B42194668FD
:10A23000C2E9003600E04268226020C004E0041D4C
:10A2400020680028DAD13846002803D1D9F8000068
:10A2500010B10020BDE8F083074B08481860084B98
:10A260001B1A23F00703C0E900370120C9F80000DA
:10A27000C0E700000C00002008000020AC7C00209B
:10A28000A87E002010B5002821D0114B0022001F0D
:10A29000196803E0814203D80A4649680029F9D1C8
:10A2A00052B11368841A9C4204D1006818441060AB
:10A2B000104602E0506000E0186039B102680B1AE5
:10A2C000934203D10B681A4402604968416010BD93
:10A2D0000800002010EE101A08B5444A6846B2EB98
:10A2E000410F28D94FF0E640B0EB410F94BF00205A
:10A2F0004FF0FF3000900098002861DB60EE000A0C
:10A3000010F0010F45D010F0020FDFED391A9FED6C
:10A31000391A00EEA11ADFED381A40EE811A21EE4B
:10A32000A01AF0EE400A40EE010A08BFF1EE600A02
:10A33000B0EE600A08BD314B21F0004293423CD997
:10A3400011F0004FDFED2E0A20EE201ADFED2D0A6E
:10A3500019BF31EE601A71EE200A31EE201A71EE4B
:10A36000600ABDEEE01A11EE100A9FED271A00F008
:10A37000030000EEC10A9FED251A009000EEC10A0D
:10A380009FED231A00EEC10A9FED221A00EEC10ACA
:10A39000B1E79FED211A9FED210A10F0020F00EEA8
:10A3A000810A9FED1F1A00EE801AB7EE000A00EE38
:10A3B000810A18BFB1EE400A08BD00F041F89AE7E3
:10A3C00010EE100A4000B0F17F4F3CBFB7EE000A1C
:10A3D00008BD07D14FF0010000F0ECF8BDE80840DF
:10A3E00000F026B8BDE8084000F01FB8B61F927E06
:10A3F000336D4CB9DA82083CA0AA2ABE490E494600
:10A4000083F9223F0000004B0000C93F00A0FD3946
:10A410000020A2331A61342CB93AB2BACA9F2A3D3D
:10A42000DDFFFFBE0721FFF7DDBE30EE000A7047FB
:10A43000DFED020A80EEA00A704700000000000075
:10A440002DE9F0014FF07F42B2EB410F9FBF4FF07B
:10A45000FF310160BDE8F00170474FF0004242EA71
:10A460000123C1F3C752783A551112F01F0C434C27
:10A47000CCF120067C44C1F3C752A2F178024FEA26
:10A48000621204EB820254F8254008BFD2E901565B
:10A4900012D0556804FA0CF425FA06F73C43976885
:10A4A00005FA0CF527FA06F8D26807FA0CFCF24018
:10A4B00045EA08054CEA0206A4FB034CA5FB03523F
:10A4C000A6FB03631D449D4234BF012600261319D9
:10A4D000334416B1934202D903E0934201D20122E0
:10A4E00000E00022624402F1200C9206DC0C42EAF9
:10A4F000443200EE102A5B03DFED210AF8EEC01AA9
:10A5000000EE103A4FEA9C1C11F0004FB8EE400AE2
:10A51000C0F800C020EE201A00EE105ADFED190A34
:10A52000B8EE400A20EE200A71EE810A70EE800A31
:10A5300010EE902A02F500626FF30B0200EE902AF3
:10A5400070EEE11A31EEC11ADFED101A30EE411A49
:10A550009FED0D0A20EE800A01EE210A9FED0C1AF4
:10A5600000EE810A04BFBDE8F0017047CCF18051D4
:10A570000160BDE8F001B1EE400A70470C0A00002E
:10A58000000000360000802C22AAFD29DB0FC92F15
:10A590000000C92F02E008C8121F08C1002AFAD122
:10A5A00070477047002001E001C1121F002AFBD153
:10A5B0007047000001490860704700000400002057
:10A5C0002DE9FF5F82B00021DDE90430020DDDF8E6
:10A5D00040B0034318D044F61050A2F2FF32424379
:10A5E0001514119801281FD0A5EB0B00401C5FEA41
:10A5F000000A4FF000064E4FDFF83891B046504643
:10A6000015D5CAF1000413E0119801244AA30128CA
:10A6100001D16FEA0B010298119AC0E90031C0E93B
:10A62000024206B0BDE8F09FCBF10000DFE7044630
:10A630000021404A491842EB0450CDE9001012E0D5
:10A64000E00707D032463B4640464946E5F7E0FE84
:10A650008046894632463B4610461946E5F7D8FE05
:10A6600006460F466410002CEAD1DDE90401DDE95D
:10A670000023BAF1000F06DAE5F7CAFE42464B4660
:10A68000E5F7C6FE05E0E5F735FF42464B46E5F740
:10A6900031FF04460E460022284BE6F7E1F903D8C5
:10A6A0004FF0FF30014607E00022254B204631469F
:10A6B000E5F707FEE6F7BBF9102409E0002C0ADBFA
:10A6C0000A220023E5F780FD039B30321A55641EF1
:10A6D00050EA0102F2D1641C039AC4F1110314443C
:10A6E000119A012A03D0012208430DD10AE0084340
:10A6F00004D000204FF0110B119072E7A3EB0B0573
:10A700006D1E0DE05B4504DD4FF0000205F1010513
:10A7100004E003DA4FF00002A5F10105002AECD0B5
:10A7200002981199C0E90231C0E9004579E70000BB
:10A73000000014400000F03F300000000000F04333
:10A740000000E03F2DE9FF4F95B09B468946064645
:10A7500000250FE2252877D100242746F84A012159
:10A76000059400E0044316F8013F203B01FA03F092
:10A770001042F7D130782A2811D06FF02F033078AB
:10A78000A0F13002092A16D8059A44F0020402EB1F
:10A79000820203EB42021044761C0590EFE759F861
:10A7A000042B0592002A03DA504244F40054059029
:10A7B00044F00204761C30782E2816D116F8010FCA
:10A7C00044F004042A280DD06FF02F023078A0F155
:10A7D0003003092B09D807EB870302EB4303C718A3
:10A7E000761CF3E759F8047B761C30786C280FD080
:10A7F00006DC4C2817D068280DD06A2814D104E054
:10A80000742810D07A280FD10DE044F400140AE027
:10A8100044F4801401E044F440147278824202D17E
:10A8200004F58014761C761C307866280BD013DC77
:10A83000582877D009DC002875D04528F6D046285E
:10A84000F4D047281AD19DE118E0632835D0642858
:10A8500079D0652812D195E1702873D008DC67287B
:10A86000F1D069286FD06E280DD06F2806D1B5E0E1
:10A8700073282CD0752875D0782874D05A4617992B
:10A8800090476D1C75E1C4F30250022809D00328DB
:10A890000DD0D9F8001004280DD00D6009F104097D
:10A8A00067E1D9F80010EA17C1E90052F6E7D9F8D4
:10A8B00000100D80F2E70D70F0E719F8041B8DF819
:10A8C000001000208DF80100EA46012003E059F84D
:10A8D00004AB4FF0FF3061074FF0000102D40DE0F0
:10A8E00008F101018846B9420FDA8045F8DB1AF811
:10A8F00008100029F4D108E008F1010188468142DE
:10A90000FADB1AF808100029F6D105985B46A0EB8F
:10A91000080721463846179A00F094FA284400EBBD
:10A92000080507E04DE029E10DE01AF8010B5A4651
:10A9300017999047B8F10108F7D25B46214638468F
:10A94000179A13E142E00A220092C4F302524FF038
:10A95000000A022A08D059F804CB032A4FEAEC7106
:10A960000AD00DE029E02AE009F1070121F00702F1
:10A97000F2E802C1914609E00FFA8CFC4FEAEC7153
:10A98000042A03D14FFA8CFC4FEAEC71002907DA54
:10A990000A460021DCF1000C61EB02012D2202E0ED
:10A9A000220504D52B228DF80420012203E0E207C2
:10A9B00001D02022F7E7904659E00A2102E0102258
:10A9C0000DE010214FF0000A00910BE010224FF033
:10A9D000000A44F004040827009203E008224FF024
:10A9E000000A0092C4F30252022A05D059F804CB9F
:10A9F0000021032A08D009E009F1070121F007022C
:10AA0000F2E802C1914605E01FFA8CFC042A01D14C
:10AA10000CF0FF0C4FF00008220728D5702806D054
:10AA2000009B83F0100353EA0A0305D00EE0402296
:10AA30008DF80420012208E05CEA010206D03022F1
:10AA40008DF804208DF8050002229046009B83F0CB
:10AA5000080353EA0A030AD15CEA010201D1620742
:10AA600005D530228DF804204FF001087F1E5828AC
:10AA700004D034A003900EA802900DE036A0F9E7B0
:10AA800053466046009AE5F79FFB84460398825C34
:10AA90000298401E029002705CEA0100F0D1029818
:10AAA00006A9081A00F1200A600702D524F48034B0
:10AAB00000E00127574502DDA7EB0A0000E0002077
:10AAC00000EB0A01009005984144401A0590E0030C
:10AAD00006D45B462146179A059800F0B3F9054461
:10AAE000002706E001A85A46C05D179990476D1CE3
:10AAF0007F1C4745F6DBE0030CD55B462146179AE1
:10AB0000059800F09FF9054404E030205A46179953
:10AB100090476D1C0099481E00900029F5DC08E064
:10AB2000029802995A460078491C02911799904759
:10AB30006D1CBAF10001AAF1010AF1DC65E1000027
:10AB40000928010030313233343536373839616203
:10AB500063646566000000003031323334353637C7
:10AB600038394142434445460000000000F058F99E
:10AB70000544761C307800287FF4ECAD19B02846E7
:10AB8000BDE8F08F620700D4062709F1070222F022
:10AB9000070CFCE80223E14603F000485FEA080CDA
:10ABA00002D00FF2702C0DE05FEA045C02D50FF2C8
:10ABB000682C07E05FEAC47C02D00FF2602C01E051
:10ABC000AFF2700C4FF0FF3823F00043CDF850C0C7
:10ABD00065280CD006DC452809D046281DD047281A
:10ABE0003DD13DE0662818D067287ED138E00021AD
:10ABF000112F01DB112000E0781CCDE9000106A92E
:10AC00000EA8FFF7DDFCDDE90F010E9A039100218C
:10AC1000009207F1010A04914DE04FF000400097C7
:10AC2000CDE9011006A90EA8FFF7CAFCDDE90F0265
:10AC300003920E9B11990022DDF80CA00093049260
:10AC400011B9791C00EB010AB7EB0A0004D4C0F17A
:10AC5000FF3007F1010A0490AAEB0700019044E0DD
:10AC6000012F00DA01270021112F01DD112000E062
:10AC70003846CDE9000106A90EA8FFF7A1FCDDE9E1
:10AC80000F010E9A0391002104910092BA46210708
:10AC90000CD40399514500DA8A46BAF1010F05DD5B
:10ACA000009AAAF10101515C302908D0B84202DAB9
:10ACB00010F1040F06DA0121CDE9011015E0AAF127
:10ACC0000101E9E7002805DC049901440491AAEB9D
:10ACD000000102E0411C514500DD8A460499401AFA
:10ACE000401C01904FF000400290200704D40198CE
:10ACF000504501DBCDF8048000208DF84F0002980C
:10AD00000DF14F07B0F1004F25D02B200E90029887
:10AD10004FF0020800280CDA404202902D200E90DD
:10AD200007E00A210298E5F747FE3031029007F864
:10AD3000011DB8F10001A8F10108F2DC0298002819
:10AD4000EFD1791E0E980870307800F0200040F0A6
:10AD5000450007F8020D12A8C01B00F1070814985F
:10AD6000007800B1012000EB0A01019801EBE071CD
:10AD700005984144401A401E0590E00306D45B4606
:10AD80002146179A059800F05DF80544149800785C
:10AD900018B15A46179990476D1CE00324D55B46BD
:10ADA0002146179A059800F04DF805441CE00498D8
:10ADB000002807DBDDE90301884203DD0098405CE1
:10ADC000179901E0179930205A469047049805F1E9
:10ADD0000105401C04900198401E019004D12E20D2
:10ADE0005A46179990476D1CBAF10001AAF1010A61
:10ADF000DDDC05E017F8010B5A46179990476D1CEA
:10AE0000B8F10001A8F10108F4DC5B462146179A6D
:10AE10000598ABE62D0000002B000000200000008C
:10AE20002DE9F041044600251E461746880404D447
:10AE300005E039462020B0476D1C641EF9D5284630
:10AE4000BDE8F0812DE9F041044600251E469046FC
:10AE5000C80301D5302700E02027880404D505E089
:10AE600041463846B0476D1C641EF9D52846BDE8FA
:10AE7000F08138B504468DF8000069460320ABBE6A
:10AE8000204638BD000000006E83F9A22915444E0B
:10AE9000D15727FCC0DD34F5999562DB4190433CE6
:10AEA000AB6351FE0000000000000000010203043B
:10AEB000060708090000000001020304000610163E
:10AEC00000061016D0B001080000000000000000CD
:10AED000000000000000000000100000180000004A
:10AEE0000000000000000000E7B0010800000000C2
:10AEF000000000000000000000000000000C000046
:10AF00001800000000000000000000000000000029
:10AF1000000000003511010819110108D90A0108C3
:10AF20000000000000000000E9170108CD1701082B
:10AF3000F11101080000000000000000D518010810
:10AF4000B9180108F111010800000000000000001C
:10AF5000BD190108A1190108D90A01080000000063
:10AF60000000000009240108ED230108B11B0108BD
:10AF70000000000000000000452501082925010807
:10AF8000B11B01080000000000000000E5290108D5
:10AF9000C9290108B12501080000000000000000D7
:10AFA0003D2B0108212B0108B125010800000000FC
:10AFB00000000000752C01086D2C0108ED730108DC
:10AFC0000000000000000000A52D01089D2D0108D3
:10AFD000ED7301080000000000000000513A010874
:10AFE000493A0108ED730108ED730108ED7301089A
:10AFF000ED730108ED730108ED730108ED730108AD
:10B0000000000000000000006D3C0108513C0108F8
:10B01000653A01085D5A01080000000000000000C8
:10B02000ED3C0108E53C0108ED730108ED730108F2
:10B030000000000000000000C93F0108AD3F01080A
:10B04000B13D01089D3E0108C13D0108DD3E0108FA
:10B05000995A01082D3D0108593D010800000000E2
:10B0600000000000010000000000000000000000DF
:10B0700000000000000000000000000000000000D0
:10B0800000000000000000000000000000000000C0
:10B0900000000000000000000000000000000000B0
:10B0A000000000000000000000000000DBB001080C
:10B0B0000000000000000000000000000000000090
:10B0C0000002000018000000000000000000000066
:10B0D00047696D62616C5461736B0064656661758C
:10B0E0006C745461736B0053686F6F745461736B4D
:10B0F000006261645F66756E6374696F6E5F636141
:10B100006C6C20776173207468726F776E20696E43
:10B11000202D666E6F2D657863657074696F6E7330
:10B12000206D6F64650043444320496E7465726608
:10B130006163650043444320436F6E666967005353
:10B14000544D6963726F656C656374726F6E696389
:10B15000730053544D3332205669727475616C20FC
:10B16000436F6D506F7274006C656E6774685F65D5
:10B1700072726F7220776173207468726F776E20BD
:10B18000696E202D666E6F2D657863657074696FCA
:10B190006E73206D6F64652077697468206D6573C8
:10B1A000736167652022257322006261645F6172AA
:10B1B0007261795F6E65775F6C656E677468207722
:10B1C0006173207468726F776E20696E202D666ED1
:10B1D0006F2D657863657074696F6E73206D6F6431
:10B1E0006500766563746F720049444C4500546D88
:10B1F000725100546D7220537663005F5F63786113
:10B200005F67756172645F616371756972652064FF
:10B2100065746563746564207265637572736976BD
:10B220006520696E697469616C697A6174696F6EB1
:10B230003A20646F20796F752068617665206120FF
:10B2400066756E6374696F6E2D6C6F63616C2073CD
:10B250007461746963207661726961626C652077DC
:10B26000686F736520696E697469616C697A61746D
:10B27000696F6E20646570656E6473206F6E2074F4
:10B280006861742066756E6374696F6E3F000000BC
:10B29000C0B2010800000020B0050000920A0008BA
:10B2A00008B50108B0050020F87C0000A4A501083D
:10B2B0005919FFFF61C1FFFF5D19FFFF6519FFFF0E
:10B2C000021100010005166E6E6E000150048281AD
:10B2D0000126100750416C09793A09100640000018
:10B2E000F04108223F0C411E53A04025111C90063E
:10B2F00048420000801C0120011005D00F49C00405
:10B300008240768380419E80070C42CDCCCC3D6C40
:10B3100053504110420088A16C031E6041748009A3
:10B32000FC1873BFE2E9253F6C92706C52005C72AE
:10B33000A06C811B52206C411C0005226666E63F12
:10B34000E03004E017596C3601291210B057204242
:10B350003CB4040020033C358C24046666663C1330
:10B360003F2C6512C8B036FA575724425F40064159
:10B37000666646408C53A0424C11448390411410A1
:10B38000080045159E00088104129D0412C50C1387
:10B39000159F0810059D0008310C85766407A040B4
:10B3A0009A99193E6621A0F8056666263F1C05217C
:10B3B000C084058851C6BFC406238018840585EB68
:10B3C000613F8C0B2280BF288405A050DB3F544195
:10B3D0003485F0137A43C22005439A9999D4423FA9
:10B3E000CC031AA0428418080AD7233C00008CB072
:10B3F00012703C1252401A80C0140540400101995D
:10B40000C40480BB459C6413FA4300803B45002480
:10B41000F4001409023EABF14ABFDC21F4293844A0
:10B420000FB80B000079960008B5930008CD996C11
:10B43000A40BA19400085192000845937C140500C8
:10B44000009D95901104120D30121908140C090278
:10B450004300020100C03209048D12020B102105C5
:10B460002400100105240100010424020205240621
:10B4700000010705820308001009040100020AC147
:10B480001805070501020E2004070581076C060058
:10B490000A060002940312122310090202004083DC
:10B4A000044057591B0203501006950B00089104E5
:10B4B00012350812C90412F90C00083F04030904EC
:10B4C0001A0300012D1403679A99700E19A82C0411
:10B4D0000F4C40412C044007B8416F12833A0CCF07
:10B4E000B0412C040E59802C040F18A0402C042DC0
:10B4F00010050D392C042D2A0411CE000500AAAA2E
:08B50000AAAA000000000000EF
:040000050800018965
:00000001FF
